0.00128812,0.03930162,0.02665473,0.02217558,-0.03282306,0.07485346,-0.00388332,-0.06542127,0.01707266,0.00106890,-0.03253015,0.06443765,0.01389070,-0.04438950,0.00800890,0.01212219,0.00136162,0.00226216,0.05837516,0.02328714,0.02904992,0.00944013,0.00659173,-0.00628212,0.01360960,0.00828988,-0.05898285,0.02202293,0.05730305,0.03346404,-0.03557313,-0.01558219,0.01765478,0.01106043,-0.04784612,0.02215578,0.00116063,0.08511371,0.00486742,-0.04274376,-0.00208929,0.07274573,0.02326585,0.04551397,0.00094629,-0.00572248,0.07752816,0.04431453,0.04995162,0.01399954,-0.04300989,0.11659233,-0.06479757,-0.03703891,0.02920998,0.06817625,-0.04405996,-0.00742229,-0.05283406,0.05738602,-0.02383121,-0.03011516,0.03725832,0.07960808,0.03861042,0.01321241,0.00063434,-0.00605093,-0.02042458,0.01386770,-0.02475760,0.03081971,0.04926391,0.04701098,-0.01679827,0.03523590,0.00183166,0.05739034,0.00919280,-0.02339619
-0.02802963,-0.01598562,0.01544262,0.05028049,-0.01115705,-0.00607393,0.05397663,0.05823440,0.01567589,0.01200652,-0.00928219,-0.01131084,0.08748093,0.02373908,-0.04450732,0.02489879,0.05576614,0.00155864,-0.01422562,0.04072748,0.03967148,0.04747495,0.01113111,0.00013472,0.01562422,0.03536080,0.02540050,-0.00556863,0.03066227,-0.03753741,-0.00925670,0.04930483,0.00107078,-0.03844533,0.11470904,0.08064503,-0.01457022,0.04190812,0.03488642,0.03092941,-0.03716570,0.02697582,-0.01887552,0.02213410,0.02785109,0.00750176,-0.00304426,-0.04390223,-0.00054885,-0.07166802,0.06449835,0.06083751,0.09771338,0.07692162,0.17919116,0.25800842,0.18938309,0.05092042,0.08300019,0.04195038,0.11419484,0.04058297,0.01571888,0.01932692,0.07362225,-0.05535964,0.00768762,0.04940346,0.03075022,-0.01490630,0.04156964,-0.02111531,-0.03367182,0.01644927,0.04094638,0.06668294,-0.02795437,-0.03686123,-0.04486423,-0.00528096
-0.02866485,-0.01184432,-0.00492142,-0.01516631,0.07541186,0.03251351,-0.00016683,0.10191901,0.07146148,-0.05295395,-0.00824391,-0.01000614,-0.02553948,-0.03252255,0.03263373,0.00808608,-0.01228274,0.01295684,0.04126022,-0.04944707,0.09019458,-0.04504754,0.01526545,0.02748504,-0.02631513,0.00455758,0.03662568,0.00856763,0.00530971,0.07007506,-0.00084137,-0.01010801,-0.01179086,-0.00688501,0.00764324,-0.00109763,0.00353681,-0.00784599,0.00505596,-0.00996361,-0.02763801,-0.03219030,0.00928407,-0.03986984,0.01239313,-0.02037531,-0.02645565,-0.03549924,-0.00688840,0.03654715,0.10400145,-0.02341710,0.03338092,0.01949068,0.01423254,0.73402601,1.86424637,0.99735421,0.60413742,0.32859197,0.14214936,0.18403810,0.04271325,0.05782353,0.03466710,-0.06993694,0.02160222,0.05288197,0.04429177,-0.01982265,0.01605951,0.02378041,-0.02058413,-0.09445250,-0.06741627,0.07071438,0.12712337,0.02540278,0.08709076,-0.05840614
-0.00823472,-0.02012930,-0.03635839,-0.00962902,-0.03308843,-0.03474070,0.01996738,-0.00609436,0.14686294,-0.01780418,0.02373949,0.07383008,0.01973462,0.00189422,-0.04850898,0.02529898,0.00974578,0.03426704,0.03326797,-0.00922163,-0.01445060,0.05504340,0.03743659,-0.00007259,-0.00053900,0.02389023,-0.02952939,0.03626412,0.00746971,0.06446697,-0.06882130,0.05068336,0.03916491,0.00930664,0.07168160,-0.01104543,-0.03773891,0.02084295,-0.00916718,-0.01689652,0.15313521,-0.03845262,0.00325475,-0.02074387,0.04431386,0.04657228,-0.00990272,-0.05524983,-0.01335279,0.24637614,0.53109795,0.67790258,0.71864307,0.71740735,0.59666812,0.27947325,0.15101136,0.11119106,0.04666232,-0.04741462,-0.01406093,0.06804609,0.04661444,-0.01818876,0.06041088,-0.05012591,0.03991987,-0.00807831,0.01147993,-0.02579922,-0.04950650,0.06745192,-0.02414787,0.06242777,0.00572260,0.05027883,-0.00432307,0.05436709,0.06056514,-0.04526717
-0.03718409,0.04553413,0.09515312,0.04361514,0.00349486,-0.00792002,-0.06767951,-0.05793884,0.05868698,0.04510717,-0.00731895,0.05320083,-0.03069014,0.00396190,0.01753823,-0.02922417,-0.05343496,-0.00284542,0.04482358,-0.04809547,-0.01372931,-0.00539513,-0.02596428,-0.01098093,-0.00979848,0.01319185,-0.05970382,-0.03426062,-0.04627334,0.00375237,-0.01983610,0.07336324,0.05030631,-0.02152564,0.07842755,0.07284331,-0.02153103,-0.00935586,0.02771067,0.00444351,-0.04169707,0.00340578,0.02633891,0.03621671,0.03444257,0.01250890,-0.01817099,0.04667851,-0.00987035,0.14797418,0.05375576,0.02016708,0.04797714,0.09070995,0.26387611,0.15248255,0.11110017,0.10561854,0.08838572,0.01893144,0.05744445,0.02919497,0.02193368,-0.01495033,-0.03355197,-0.01228623,0.07049618,-0.00683761,0.01657070,-0.01015964,0.04374632,-0.07796504,-0.01095093,0.02301937,0.03132245,0.08882631,0.07910920,0.01014301,-0.01704349,-0.09851734
-0.02797788,0.05759959,-0.03287052,0.05490657,-0.02490341,-0.01965051,0.04163051,0.01323200,-0.05423973,0.06414146,-0.07335775,-0.01700627,0.00643766,-0.07204496,0.03669966,-0.05611652,-0.04510668,0.00166147,-0.03845750,0.03087984,-0.02142226,0.10948882,0.00738772,0.04019558,0.01811632,0.00482457,0.00334888,-0.03240149,-0.08072481,-0.03503336,-0.04808464,-0.05798464,-0.01331594,0.03512701,0.02580385,-0.04946610,0.04665688,0.02644989,-0.04180609,-0.07851911,-0.00590940,0.09077796,-0.00792469,0.06299451,-0.08348423,-0.00170846,0.01840181,-0.05233620,0.13597931,0.01885776,0.20456745,1.03698277,2.84129715,3.89953184,3.47641110,2.52732182,1.84704554,1.18908882,0.80259496,0.48941481,0.41534376,0.30308425,0.13543323,0.10310003,0.04559980,0.05581012,0.10508421,0.01359394,-0.00596434,0.02935097,-0.04788721,-0.01242371,-0.01512286,0.06138785,0.05396572,0.02350146,-0.01702436,-0.05463127,-0.01732227,-0.00146596
-0.00490038,-0.01648878,0.00714629,-0.00355897,-0.00724292,-0.01378851,-0.02391667,-0.06901094,0.00669244,-0.00832278,0.02997458,-0.00622636,0.04866758,0.06877794,0.20482929,0.20723219,0.13295366,0.13642177,0.05422798,0.04571340,0.03379514,-0.01142082,0.01595070,0.02448313,0.02563526,0.01643398,-0.01529679,-0.04863587,0.09718623,-0.00857330,-0.02739249,-0.04745974,-0.02492660,-0.07863904,0.02072703,0.05247930,0.01623923,0.03227945,-0.09184285,-0.03477860,-0.04504099,0.02082602,-0.01748265,0.09913035,0.05854630,0.05790614,0.00168139,0.04820160,0.23873973,0.54047048,1.04371929,2.85015631,3.96874428,4.11398554,3.32094049,2.58730006,1.91245770,1.32021987,0.95819604,0.57603937,0.44290161,0.33682215,0.20464282,0.16256849,0.13286637,0.07028993,0.02160466,0.03041709,0.01635936,-0.04067110,-0.07765696,0.09661697,-0.05578838,0.12192134,0.06190098,0.01577038,-0.05546913,-0.02892826,-0.05124441,0.13227299
0.02116842,-0.00367947,-0.05878832,-0.04468669,-0.03320620,-0.02779610,0.01328925,-0.07977153,-0.02145502,-0.10352109,0.02959071,-0.01293616,-0.01609736,-0.08272100,-0.04064222,0.00988998,0.00054720,-0.01873502,-0.09053083,-0.05392186,-0.06430058,0.01429046,-0.01765355,0.00220053,-0.00435269,-0.01550287,-0.01876966,-0.04598993,-0.00616836,-0.02651256,0.04390936,0.04228487,0.07977022,-0.14298339,0.00388096,-0.00980015,0.05998878,0.01405148,0.00242432,-0.02195340,-0.03630699,0.05462495,-0.05910622,-0.00269051,0.03469586,-0.00455367,0.00862027,-0.01265434,0.02076401,0.35875300,1.36669958,3.26274729,3.71833324,4.01177359,3.64050674,2.93058205,1.96903920,1.06854451,0.68627018,0.49311647,0.30107272,0.21606691,0.18959340,0.13257191,0.05618879,0.02737991,0.03783387,-0.01727499,-0.06507699,-0.07031825,0.02993559,0.12573639,-0.02817574,0.64558089,0.42327279,0.14904711,0.01540338,0.06197084,-0.00241259,-0.03497674
0.01644342,-0.00714163,0.01165711,-0.03397818,-0.03784583,-0.02536088,-0.01536461,-0.01532132,-0.03330128,-0.06036132,0.01579380,0.06393841,-0.00109415,0.05845214,0.05934736,0.01257107,0.06602821,0.01048660,-0.02282175,-0.05955995,-0.03855930,0.03196280,-0.00998918,-0.04007504,-0.06982780,-0.03017668,-0.08056021,-0.01098866,0.00389537,0.00443948,0.02640660,-0.00147061,0.05409930,0.04606677,-0.00992410,0.05733515,0.06514240,0.07932530,0.02346596,0.00319683,0.02799385,-0.04248141,-0.06967236,0.03076996,0.02693651,0.05810633,-0.06085019,0.08820426,0.29283068,0.76019424,1.53905523,1.89658999,1.87435603,1.57450461,1.19893575,0.77053154,0.30594167,0.22802185,0.10527218,0.14503577,0.17149189,0.07324791,0.08647904,-0.06130542,0.05067578,0.02630667,0.08689746,0.00642806,-0.00680166,-0.01119116,0.00857339,0.09943494,0.07177123,0.00550646,0.09793752,-0.09717616,-0.01890953,-0.07846241,-0.01118119,0.02807447
0.04821679,-0.04999915,-0.00508765,-0.07299297,0.07376640,0.06399655,-0.01229696,-0.05117361,0.02769499,-0.04566966,-0.00505944,0.01049833,0.05196888,-0.04310773,-0.02763395,0.00587040,-0.00344986,0.02524726,-0.02125416,0.07826725,0.00286345,-0.00288893,0.00509939,-0.02283470,-0.00188399,0.01194351,0.03008121,0.08372071,0.03666320,0.05301835,0.01626098,-0.10824475,0.01185335,-0.01046797,0.04536113,-0.03706170,0.03548411,-0.01351515,-0.03052651,-0.02039303,0.07744384,0.00888283,0.05229843,0.01169831,0.03592147,0.03478438,0.01152264,0.14347799,0.67209995,1.09417057,1.63588440,2.03978038,2.02634835,1.85117912,1.41236210,0.95981425,0.54149693,0.35486436,0.21581404,0.14741924,0.00167388,0.09050483,0.00037369,0.04014094,0.02843199,-0.03334105,-0.00345538,0.08047658,-0.00793676,-0.05894951,-0.05924186,-0.02916066,-0.01293853,0.01772645,0.00927931,-0.04851708,0.07039864,-0.06233917,0.03787705,0.12323530
0.03141660,-0.02354859,-0.01633414,-0.05452916,0.00734675,-0.02752501,0.02041537,0.09533779,-0.01525258,0.02669238,-0.07460462,-0.00211360,-0.00759870,-0.00916172,-0.00383571,-0.01817660,-0.05012091,-0.05696117,-0.04654586,-0.03133179,-0.00782530,-0.08180475,0.01620038,-0.03239827,-0.05664206,0.00795926,0.04670385,-0.03945771,-0.02049168,0.12939893,-0.05513434,0.04650741,0.03871843,-0.06463519,-0.08112220,-0.04017581,-0.01665236,-0.05034022,-0.02384508,0.04262516,0.06407991,0.03117203,0.00592680,0.04207829,0.01127694,-0.00145140,0.06033042,0.12016199,0.54367399,1.21001780,1.97759056,1.99089563,1.98664224,1.88829863,1.17832530,0.74340147,0.38458508,0.25924066,0.25057328,0.05263662,0.10708617,0.03991526,0.11168867,0.04468901,0.03521495,-0.00900656,-0.15372783,-0.04809330,-0.03329494,0.19313020,0.32120034,0.20157447,0.28910020,0.39645636,0.08489656,0.09192439,0.11066803,-0.01825061,-0.00202618,0.20678565
0.01653054,-0.04092404,-0.03014514,-0.00183200,0.04131646,0.04709206,-0.06208163,-0.01119259,-0.02174029,-0.04805939,-0.05246922,0.03293222,0.01300873,-0.01916740,-0.02743838,-0.04410606,0.01288329,0.01561444,-0.01485484,-0.02011134,0.00703707,-0.03807064,0.06367177,-0.08585419,-0.13373841,-0.08771791,-0.07787377,0.02934910,0.02543953,-0.06900626,-0.11705860,-0.02415235,0.00285795,-0.02512378,0.02366590,0.09950745,0.04448526,-0.02470492,-0.04039149,-0.00717404,0.04322821,0.03690810,0.12670012,-0.03062110,0.05007559,-0.00867319,0.03722325,0.12889117,0.37281913,0.50100636,1.06880915,2.06738615,2.78703094,2.90114450,2.05464602,1.59764361,0.89801377,0.78606677,0.37119538,0.19650397,0.18571635,0.16510086,0.06218549,0.08678971,0.07341893,-0.05619203,0.03679147,0.05438863,0.01294666,0.03000414,0.05036346,0.02568239,-0.03078137,0.05059387,-0.03612692,-0.01908608,0.08404183,-0.05142261,0.05589583,-0.00586552
0.01013528,-0.01660638,-0.04911348,0.02365605,-0.01642378,-0.01273766,-0.03365647,0.06756260,-0.00274593,-0.06535088,-0.02130725,0.01084797,0.03489555,0.03812670,-0.02795917,0.00406130,0.04123614,-0.02984280,0.03977320,-0.00967588,0.02550372,-0.00183274,-0.01727537,-0.12028701,-0.09414557,-0.03716851,-0.01595281,0.07355860,-0.02368690,0.05252983,0.04235144,0.01073492,0.00862181,0.01970038,0.01193261,-0.00744551,-0.04392093,-0.02757035,-0.02779240,0.00379110,0.04998207,0.02571952,0.02841695,0.07209879,-0.00826619,0.00882121,-0.00705707,0.29801282,0.78598940,1.57252884,2.07379031,2.74367118,3.39351416,2.80499554,2.38096499,1.63109159,1.16074812,0.76404190,0.46779427,0.42198515,0.09424630,0.21311685,0.15612334,0.05956922,0.07393379,0.00275612,0.03105294,-0.04048776,-0.00276215,-0.05391348,0.00499228,0.06109720,-0.04205637,0.06209692,0.03477075,0.04586462,0.06223211,0.02092890,-0.01479245,-0.06347200
0.02490919,0.02747970,-0.00172420,-0.00892259,0.08544454,0.03310047,0.00860337,0.01035718,-0.05877619,0.07538541,-0.00667952,-0.07456890,0.01817531,-0.00950570,-0.02132513,-0.03740766,0.00848159,-0.00491702,0.04851244,0.03697924,0.02795772,-0.02709676,-0.05523989,-0.10587337,-0.03666994,0.04988377,-0.04157342,-0.05868706,-0.02933437,0.01644909,0.03478801,-0.06222280,0.01950539,0.02203394,-0.04589016,-0.04047300,0.00659095,-0.01831003,-0.01558714,0.01271520,0.01365905,0.06821956,0.05853307,0.03470584,0.07776820,-0.03274373,-0.03863648,0.20881915,0.73114407,1.22283375,1.65055025,1.64738369,1.45017827,1.31569278,1.05755126,0.73460680,0.39220166,0.20343521,0.19925173,0.15483303,0.08493806,0.03879805,0.01872710,0.08244036,-0.02869807,0.04585652,0.00452571,-0.02042881,0.04092074,-0.04620799,-0.01031509,0.02900741,-0.04399131,0.01383802,0.08234576,0.00916677,-0.01074129,-0.04152277,0.06539545,-0.03559108
-0.01440984,-0.04530722,-0.00856105,-0.01405717,0.00203711,0.03213791,0.10017734,-0.02224077,0.03226362,-0.06552108,0.02617050,0.02412430,-0.00988325,0.02857050,0.02511595,-0.00285104,-0.03917696,0.01749138,-0.00673481,-0.00007498,-0.05169190,0.00873952,-0.00452236,-0.02764537,0.01924531,0.03075290,-0.03829100,0.00412801,-0.03080006,-0.00853560,0.01621108,0.03336657,-0.13958374,0.04653935,-0.00644622,0.08081698,0.06598410,0.01853809,0.05649044,-0.08135077,-0.01555824,-0.00566724,-0.05177771,-0.00714446,0.04139786,0.04772189,0.13680838,0.53597236,1.36670160,1.85682797,2.10305738,1.92060173,1.52893686,1.07684052,0.59631920,0.26552916,0.23074383,0.12689269,0.05576102,0.06506262,0.03497631,0.07331166,0.02613004,0.00551964,0.03700866,-0.00205600,0.04721180,-0.02107924,0.04569747,-0.05537292,-0.01143257,0.13034470,0.04400064,-0.03027619,-0.04195852,0.01209761,0.02931887,-0.00233073,0.02644117,0.04477552
0.00682595,-0.00363139,0.06606956,0.13086534,0.06661063,0.10144901,0.17128204,-0.01203327,-0.04657587,0.06242975,0.04377044,-0.03124290,0.01765198,0.00269282,-0.07389951,-0.04656560,-0.01594660,0.01615679,0.06984592,0.01481309,0.01541696,-0.00240104,-0.03180565,-0.05449513,-0.03776000,-0.02168693,-0.09595591,0.07079923,0.01017402,-0.05016744,0.06004024,-0.05520116,-0.03261301,-0.02349116,-0.02828829,0.00158490,-0.04981941,-0.03659417,-0.00946586,-0.00384492,-0.02448599,0.05974232,-0.05187706,0.01591155,-0.00339885,-0.00938092,0.02363758,0.32990041,1.14737201,2.26247239,2.95808983,3.34218764,3.23404455,3.05734777,2.11085916,1.36748409,0.83869332,0.54409784,0.28317502,0.23558350,0.16636398,0.04220480,0.01983628,0.05648435,0.01522338,0.00009229,-0.05995996,-0.04665969,-0.03914164,0.04135293,0.10021969,0.00762240,0.00815644,0.03344513,-0.00169151,-0.04345766,0.00233305,-0.05400626,-0.01036025,0.03944689
-0.00518573,-0.04383888,-0.02245530,-0.04426780,0.02180450,-0.02961449,0.04482501,0.16199425,0.10477860,-0.04573219,-0.04311527,-0.08188813,-0.03643403,0.02667052,0.02954314,0.02554350,-0.12976333,0.06868710,-0.01454060,-0.00138610,-0.07740334,0.00380353,-0.01779469,-0.02930135,-0.00571745,-0.02419208,-0.01012923,0.00304926,0.07161816,0.01921412,-0.03525807,0.02555870,-0.04946125,0.00652334,0.06443765,0.01875496,0.02784073,0.02910701,-0.05889383,-0.06061683,0.04877443,-0.04087063,0.02749451,0.04214482,0.00376461,0.07003043,0.08908093,0.05127852,0.36523747,2.00626540,4.10097170,4.47969341,4.06371212,3.99565578,3.34830093,2.47019577,1.64096355,1.01119709,0.81131202,0.69832647,0.34011626,0.33104721,0.22796223,0.13941945,0.06561358,0.08976963,-0.02151229,-0.10818669,-0.03629323,-0.02194666,-0.00410706,-0.00913444,0.02505955,-0.03674813,0.03424430,-0.02815542,-0.05092782,-0.00693739,-0.06987721,-0.13366623
0.05558514,0.03015581,-0.01522885,-0.01281111,-0.03185033,-0.00652654,0.01714019,-0.03560793,-0.07409613,0.00901644,0.00775001,-0.04506193,-0.01164254,0.03340289,0.00070173,-0.04547602,-0.04541017,0.01660980,-0.01381975,-0.05990627,-0.00548089,-0.01078903,0.00415820,0.01671505,0.01839958,-0.00956268,0.06034327,0.00738487,-0.02973711,0.00860151,0.02209629,-0.05364344,-0.05254027,0.11382338,-0.01932591,-0.03953583,0.01334219,0.03567429,-0.01959412,-0.01499865,0.00924791,-0.00407985,0.00982334,0.15240067,0.38387817,0.04413411,0.17087899,0.48745522,0.79046535,1.17075360,1.35373521,1.47767878,1.25680196,0.60999823,0.42524657,0.23367509,0.08294581,0.08305690,0.08828778,0.03196681,0.02811631,0.05119430,-0.07341971,0.02467410,0.01532240,0.03169619,0.01040781,-0.02664053,-0.03641913,-0.03187025,-0.08537583,0.05716660,-0.05755682,0.06611839,-0.02145947,-0.00325128,0.01740448,-0.02143200,0.03228597,-0.06515117
0.03754616,-0.02716539,-0.03531571,0.00456692,0.00371748,0.00035050,0.02135737,0.02172225,0.01433258,0.11234204,0.00716160,-0.03027950,0.00028706,-0.00815203,-0.08413704,-0.05859882,0.01164334,-0.02781463,-0.00760020,-0.03354041,0.03766508,-0.01369146,-0.03395016,-0.00237047,0.00784297,-0.00353573,-0.02995959,-0.03656366,0.06927722,-0.07129470,0.02145501,0.04315918,-0.01650077,0.00803570,0.01783010,0.02998680,0.01494801,-0.10177369,0.03563085,-0.08855458,0.10184018,0.01712875,-0.03712492,-0.00402742,0.00076286,-0.04936565,0.44483128,0.63754153,1.68826675,2.20311594,2.80503225,2.61789322,2.16507816,1.62004328,1.04591513,0.51687038,0.40992075,0.20218186,0.18969683,0.12639923,0.13087913,0.09772950,0.03403028,0.01917746,-0.00832775,0.04600341,-0.03023934,0.00018678,-0.06878590,0.04280702,-0.06303960,-0.07048961,0.01275074,-0.00525918,-0.07051904,-0.03386576,0.01284603,0.04838341,-0.00241448,0.04410809
0.02365366,0.00190105,-0.00524010,-0.00823450,-0.06295227,0.04034105,-0.07865141,0.04700294,-0.03212646,0.01794366,0.03313633,0.00328919,0.01814275,-0.00534493,-0.03444162,0.05935161,0.02030745,0.00868033,0.01153746,0.01820772,0.00917721,0.06389362,0.02313494,0.01497431,0.03756588,-0.03801603,-0.04035323,0.04585696,0.05213267,-0.00960167,-0.02972792,0.02509775,-0.04681827,0.01672696,0.04266789,-0.04171488,0.00931755,0.00857178,-0.00851404,0.01122635,0.03064414,-0.00309534,0.02059884,0.10641497,0.01710654,-0.00599807,0.03272616,0.24745156,0.59645599,1.89797294,2.38341403,3.51015401,3.17327023,2.00072455,1.23468709,0.77192795,0.44221011,0.29238030,0.08887354,0.12989280,0.10553049,0.05165924,0.05249722,0.04279861,0.04504218,0.02698767,0.01877660,-0.01859585,0.03488675,0.04617931,-0.00482167,0.09010805,1.14844561,1.02550447,0.75886935,0.35874000,0.23935527,0.14824072,0.09101981,0.13505495
-0.02606086,0.04195095,0.00536148,-0.03907830,-0.03839320,-0.00061887,0.05546147,0.05065419,0.20861423,0.17362669,0.10980948,0.01177570,-0.08866158,-0.03605761,0.00799923,-0.01247864,0.02193276,0.05885308,0.00178581,-0.01025025,-0.00985123,-0.01154736,-0.05404491,-0.05221579,-0.01270669,-0.02343745,0.01486085,0.11874340,0.05659261,0.03295573,-0.01765382,0.13814829,-0.01652319,-0.06331839,-0.05144140,0.01224323,-0.00149436,-0.03939692,-0.06238772,0.02868780,0.03596577,-0.03710507,-0.04188478,0.00749118,-0.02454516,-0.00604646,0.30735603,0.78753126,1.35216141,1.65011084,1.54522312,1.31642222,1.23848605,0.95486999,0.39805797,0.25026497,0.13054460,0.03847783,0.00935745,0.11194237,0.03518437,-0.01998240,0.02537694,0.05202988,-0.01530275,-0.05827921,0.01722751,-0.02802148,-0.06461704,0.02573365,0.06765230,0.03928678,-0.06554156,0.07337116,0.00475739,-0.04520474,0.00421326,-0.04607771,0.02527958,0.31910431
0.00010921,-0.00999694,0.03528137,-0.00334381,0.03382112,0.08538486,0.07231262,0.10031558,-0.03877730,0.03669761,0.04647373,0.02070864,0.03937605,-0.02350110,0.02210828,0.06208291,-0.10187274,0.04196091,0.05009245,-0.00249816,0.02438465,0.02132705,0.02069195,0.07927176,0.05158557,-0.07033540,-0.00452357,-0.00543239,-0.04740093,-0.03255111,-0.03716968,0.03623701,0.05953392,0.09441549,0.02263993,0.02275450,0.00611313,-0.01267732,0.02057323,0.05684319,0.05534456,0.05718991,0.02859022,0.04977084,0.01835241,0.11485569,0.23420539,1.04066265,1.26416242,1.59283400,1.42344594,1.67815340,1.83830929,1.55794907,1.11099529,0.57624006,0.24349689,0.17614342,0.13724482,0.16410035,0.10637331,0.07671832,0.05773596,0.09482152,0.03755251,0.01938588,0.02805367,0.05149569,-0.01486693,-0.02879976,-0.06989548,0.15872909,-0.04873430,-0.00342826,0.03081853,-0.00841886,-0.05233782,-0.08417661,0.01800812,-0.07466550
-0.01704189,0.00520501,-0.01680950,-0.00380065,0.07218038,-0.05667736,-0.04244524,0.01593891,-0.02480433,0.03979768,0.01511596,0.00521888,-0.03532410,0.00797181,0.02367532,0.01555827,0.04367086,-0.03640302,-0.00662633,-0.00955197,0.05132061,-0.03005859,0.07170057,-0.04319438,-0.03093206,-0.02553489,-0.00870049,-0.00060459,0.00122895,-0.02503364,0.01182404,-0.07337160,0.02984183,0.01713571,0.00176635,0.01339394,-0.03792095,0.02951168,0.03200290,0.01100651,-0.01171003,-0.02596696,0.02870661,-0.05774336,-0.01669466,0.06799100,0.57963848,1.18546832,1.45395279,1.70464802,2.23976469,2.81921768,2.06882787,1.62080264,1.01847577,0.55792594,0.32569984,0.18871479,0.11619963,0.09346317,0.02635844,0.03935147,0.02402763,-0.02952993,-0.01638899,0.05399324,0.01792143,0.02771150,-0.04830621,-0.08686980,0.02737338,0.03784750,0.00368102,0.12600142,0.05023175,-0.06518288,0.08263613,0.03579959,-0.04475689,-0.03354574
-0.00229906,0.06279537,-0.04982042,0.01851166,-0.04162240,-0.02761647,0.01865479,-0.01256892,0.08436106,-0.02230864,0.03475247,-0.03106006,0.02709537,-0.00357296,0.04807033,-0.00475345,0.08632491,0.04214799,-0.04919733,-0.05114811,0.00978491,-0.01137712,-0.05939601,0.00168859,0.01105431,-0.01559223,0.00122604,0.00051228,-0.00022054,0.00284737,-0.08774465,-0.03363664,0.01296034,0.00901955,-0.03963090,0.04935375,0.03276299,-0.00772735,0.02583797,0.00624496,-0.00930240,0.05336673,0.04668192,0.06552462,-0.05534663,0.07586219,0.10122678,0.31131491,0.86694539,1.30796206,1.40940940,1.79621875,1.45256329,0.65921408,0.45018297,0.26920244,0.24300492,0.01710098,0.09215018,0.08958974,0.05648269,0.08769955,-0.01890750,0.03295516,0.02273448,-0.01756926,-0.02424725,-0.02145263,-0.03115425,-0.00804031,0.01870551,0.12722939,0.08382630,0.04829714,-0.01920771,0.04510951,0.02111457,0.04285375,-0.02515036,0.10138017
0.02120085,0.05209664,-0.01472503,0.05796212,-0.05517624,0.03545754,0.06569814,0.05329593,0.00932740,0.00193616,-0.05804605,0.05268846,-0.10593674,-0.02888506,-0.03786547,0.00297032,-0.06476822,-0.00816883,-0.04062369,-0.05661746,0.11500989,0.02014235,0.00431845,-0.05741471,-0.23990549,-0.10140677,-0.05391123,0.04938227,0.00358143,-0.08109323,0.06091516,-0.02343288,0.03999386,0.08638125,-0.01025992,-0.00267932,-0.02823757,-0.05673185,0.04119155,0.03198158,0.04683479,0.00062365,0.04890352,-0.00414601,0.00084842,0.06491027,-0.03048915,-0.00485715,0.05689843,0.04876344,0.00472889,0.05976422,0.02984479,0.04425657,0.14484483,0.07893395,-0.00772908,0.05182783,-0.07904407,-0.02981421,0.01172823,-0.01987745,0.14023325,0.05642096,0.08126110,0.01012649,0.08022827,0.02369475,0.04957440,-0.08196750,0.04868279,0.03603052,0.07640941,0.03223641,0.02467147,0.04396372,0.09766101,-0.05116205,0.00190539,0.04983821
0.04075907,-0.01662688,0.03026918,-0.02121025,0.05319526,-0.01868912,-0.00765350,0.01909775,0.03364784,0.01573030,0.01270321,0.02476214,-0.02064480,0.09047070,0.04191781,0.02461363,0.00971072,0.01317077,0.01883605,-0.02000302,0.03879814,-0.03194028,-0.02551632,-0.00699467,0.02439018,0.01589232,-0.02691922,0.06950802,0.03701416,-0.06863797,-0.04073478,0.04966543,0.03659710,0.08173597,0.02911987,0.01898796,-0.00273223,0.02096295,0.02193796,0.06913633,0.03616318,0.01191896,0.02103690,0.08716591,0.00563884,-0.00529617,0.03181335,0.16452865,0.73803294,0.80210656,1.03996944,0.91367054,0.80965823,0.85502297,0.41586673,0.19233954,0.26397407,0.16419056,0.11822684,0.05218515,0.07041554,0.05410234,-0.02044881,0.04575013,-0.00643257,0.10208020,-0.01019902,0.01051249,0.05402125,0.01884815,0.02754285,-0.06610345,0.01613955,0.05063674,0.04049846,0.03365264,-0.00515216,0.00556405,0.03450982,-0.11374676
-0.02174240,0.04618275,0.02988425,-0.02427090,0.02769240,0.01743809,0.09732459,0.00410216,0.01893602,-0.00163176,0.00799909,-0.00076141,-0.01538326,0.01515678,0.02988031,0.04782437,0.01249007,-0.00216405,0.02340996,-0.03879428,-0.01866218,-0.00493598,-0.00334335,-0.01077523,0.00885796,0.01143627,0.05036773,0.02726858,-0.01464002,-0.04339548,0.05090331,0.02899254,-0.01040954,0.05262163,-0.01492463,-0.02265110,-0.01434536,-0.02158245,0.00315434,-0.03745569,-0.02545996,0.02410259,0.04361191,0.01327394,0.10311050,0.02571731,-0.01748182,0.02440722,-0.07964157,0.14360036,-0.03444539,0.08996096,0.11230005,0.07178025,0.00843539,-0.03421852,0.00803568,-0.00677907,-0.02775235,-0.01979918,0.04381437,0.06108057,0.03325206,-0.07261601,-0.02502248,0.05913739,-0.04697805,0.00730316,0.02158269,-0.01408746,-0.00559005,0.09314553,-0.06319965,0.05013810,0.03945269,0.11846735,0.04603102,-0.04231871,0.01561865,0.11199589
0.02101199,0.03132510,-0.03741199,0.06434721,0.01401129,-0.02825845,-0.06047838,-0.01397488,0.03031653,0.10257741,0.00816180,0.03227469,0.00894458,-0.02524955,0.04035133,0.00767307,0.01520868,-0.01250300,0.02560298,-0.01437604,0.04120723,0.01813705,0.07463271,0.04464614,0.03794595,0.03642864,-0.01052917,0.04291639,0.06455942,-0.00586557,-0.00244251,0.08571691,-0.04270748,-0.00497675,-0.02166889,-0.02628955,0.03727698,0.08021540,0.03114882,0.02541766,0.00778968,0.01853453,0.06305822,0.03921441,0.05594571,0.06783999,0.08683974,0.02236570,0.05425907,0.03763181,0.11038322,0.19876593,0.34163105,0.24113739,0.14932823,0.13710745,0.00145335,0.01928894,0.04557103,0.06952403,0.00685214,0.02435085,-0.00378117,0.01449088,0.06383211,0.00383083,-0.01398361,-0.02352470,-0.03969296,0.02744582,0.04873151,0.02451913,0.04018910,0.04052676,-0.02346227,-0.01898296,0.03139700,0.06786958,0.05621011,0.04539881
-0.01709657,-0.08361706,-0.04587307,-0.07646202,-0.08334447,-0.11294948,-0.04578426,0.03653023,0.01683260,-0.01777814,-0.11608960,-0.04070945,-0.10246100,-0.09496532,-0.06637605,-0.01931045,-0.03872756,-0.09998862,-0.01189837,-0.02571874,0.09813557,-0.07703021,-0.01156081,0.03085142,0.01819137,-0.01513425,0.04424250,-0.00109446,-0.04304267,0.04690417,0.00002085,0.02596938,-0.05926239,-0.04569213,0.03709137,-0.02292107,0.02502875,-0.06259325,-0.03124280,-0.07494357,-0.02733724,-0.01342595,0.00308870,-0.02970791,0.04508485,-0.04484942,0.15269287,0.21999693,0.27323061,0.26105151,0.37551826,0.19056056,0.19618630,0.21411790,0.01002866,0.28798762,0.31349722,0.05818740,0.06655867,0.03374898,0.06480710,0.05761580,0.12521684,0.17602177,0.11729466,0.05417185,-0.00780400,0.20617914,0.28324226,0.36698779,0.23582684,0.22878112,0.21815805,0.12250805,0.18256883,0.10211871,0.09297925,0.09816658,0.00724716,0.04288357
0.02335916,-0.01231955,-0.00503337,-0.07528338,-0.03971035,0.11100911,0.87081212,1.00259006,1.22540390,1.25392294,1.24246955,0.70341510,0.39051840,0.44597456,0.51754647,0.24685931,0.13312395,0.11303631,0.04868808,0.00582728,0.05262276,0.02043539,0.06158923,0.01183657,0.06500357,0.00616194,-0.05020948,0.13152863,-0.04110169,-0.06390449,-0.00052083,-0.03705699,-0.00767249,0.01432527,0.02611110,-0.04957356,-0.03415936,-0.06521560,0.02890252,-0.01685529,-0.03956521,0.04503901,0.06702963,-0.01515851,0.01776687,-0.01854728,-0.03060112,0.08900905,0.15858538,1.25174403,1.92753708,2.08856750,1.87540019,1.31889415,0.73210686,0.59621334,0.30021662,0.24061595,0.11773656,0.05536650,0.08404356,0.06068623,-0.02025854,0.02062576,0.04663057,-0.09301969,0.04433534,-0.03724609,-0.08196603,-0.07315788,-0.03642733,-0.07523285,-0.03747006,-0.01208127,-0.10890832,-0.00732740,-0.05334888,0.03201472,-0.02315066,-0.04502377
0.00426694,-0.05702062,0.00092771,-0.01776137,0.07310344,0.00484421,0.02185988,0.04571089,-0.09685432,0.02826754,-0.03362466,-0.00409110,0.00021159,0.01116358,-0.01378191,-0.12134673,0.03990562,0.01125400,-0.02698374,0.03515148,0.02557692,0.03266590,-0.01115405,-0.06277128,-0.00202867,0.01742295,-0.01352344,-0.00535804,-0.00219451,-0.09242434,-0.03392347,-0.11269116,-0.07425658,0.00741164,-0.02112385,0.00620210,0.00824057,0.04356253,-0.10149506,0.00557029,0.05866702,0.03831992,0.01314294,-0.07934315,0.00264287,-0.01942178,0.01126714,0.23537168,0.39798725,1.13602793,1.22289753,1.33285165,1.11940789,0.72357607,0.47369722,0.33615986,0.13724947,0.08890096,0.04275670,0.02111628,0.01221743,0.03165300,-0.04065109,0.02913411,-0.02704936,-0.03525706,0.00951256,-0.01354684,0.01664186,-0.04981723,0.07682447,-0.01918866,0.00505953,-0.02282071,0.07447739,0.05801183,-0.05046319,0.01563835,0.00407687,-0.06835486
