,n0,n1,n2,n3,n0_r,n1_r,n2_r,n3_r,period,mouse_id,baseline_stability,classes
0,0,376,16,15,,92.38329238,3.931203931,3.685503686,pre,33_1,0.3722,"[1 1 1 1 1 2 1 1 1 1 1 1 1 1 1 1 1 1 1 1 1 1 1 1 1 1 1 1 1 1 1 1 1 1 1 1 1
 1 1 1 1 1 1 1 1 1 1 1 1 1 1 1 3 1 1 1 1 1 1 1 1 1 1 1 1 1 1 1 1 1 1 1 1 1
 1 1 1 1 1 1 1 1 1 1 1 1 1 1 1 1 1 1 1 1 3 1 1 1 1 1 1 1 1 1 1 1 1 1 1 1 1
 2 1 1 1 1 1 1 1 1 1 1 1 2 3 1 1 1 1 1 1 1 1 1 1 1 1 1 1 1 3 1 1 1 1 1 1 1
 1 1 1 1 1 1 1 1 1 1 1 1 1 2 1 1 1 1 1 1 1 1 1 1 1 1 1 1 1 1 1 1 1 1 1 1 1
 1 1 3 1 1 1 1 1 1 1 1 1 1 1 1 1 1 1 1 1 2 1 1 1 1 3 1 1 1 1 1 1 1 1 1 1 3
 1 1 1 1 1 1 1 1 1 1 3 1 1 1 1 1 1 1 1 1 1 1 1 1 2 1 2 1 1 1 1 3 1 3 1 1 1
 1 3 1 1 2 1 2 1 2 1 1 1 1 1 1 1 1 1 1 1 1 1 1 1 1 1 3 2 1 1 1 1 1 1 2 1 1
 1 1 1 1 1 2 1 1 1 1 1 1 1 1 1 2 1 1 1 2 1 1 1 1 1 1 1 1 1 1 2 1 1 1 1 1 1
 1 1 1 1 1 1 1 1 1 1 1 1 3 3 1 1 1 1 1 1 1 1 1 1 1 1 1 1 1 1 1 1 1 1 1 1 1
 1 1 1 1 1 1 1 1 1 3 1 1 1 1 1 1 1 1 1 1 1 1 1 1 1 1 1 1 1 1 1 1 1 1 1 1 1]"
1,89,311,2,5,,97.79874214,0.628930818,1.572327044,early,33_1,0.3722,"[1 1 0 1 1 1 1 0 1 1 1 1 1 1 1 1 0 1 1 1 1 1 1 0 1 0 1 1 1 1 3 1 1 0 0 0 1
 1 1 1 1 1 1 1 1 1 1 0 0 1 0 1 1 1 1 1 1 1 1 1 1 1 1 0 1 0 1 1 1 1 1 1 1 1
 1 1 1 1 1 1 1 1 1 1 1 1 1 1 1 1 1 1 1 1 1 0 1 1 0 1 1 0 1 0 1 1 1 1 1 1 1
 1 1 1 1 1 1 1 1 1 1 0 1 1 1 1 1 1 1 1 1 1 1 1 1 0 0 0 1 1 3 1 1 0 0 0 1 1
 0 1 0 1 1 1 1 1 1 1 0 0 1 1 0 0 0 0 1 1 1 1 1 1 0 0 0 0 1 0 0 0 0 0 1 1 1
 0 1 1 1 1 0 1 0 0 1 0 0 0 0 1 1 1 1 1 1 2 1 1 1 1 1 1 1 1 1 1 1 1 1 1 0 0
 1 1 1 1 1 1 0 1 1 1 1 1 1 1 0 1 1 1 0 1 0 1 1 1 3 1 1 1 1 1 1 1 1 1 1 1 1
 1 1 0 1 1 1 1 1 1 1 1 1 1 1 1 0 1 1 1 1 1 1 1 1 1 3 1 0 1 1 1 1 0 1 1 1 1
 1 0 1 0 1 1 2 3 1 1 1 1 1 1 1 1 1 0 1 1 1 1 0 1 1 1 0 0 0 1 1 1 1 1 1 1 1
 1 1 1 1 1 1 1 1 0 1 1 0 1 1 1 1 1 1 0 1 1 0 1 1 1 1 1 1 0 1 0 1 0 1 1 1 1
 0 0 0 1 1 0 1 1 0 1 0 0 1 1 1 0 1 1 1 1 1 0 1 1 0 1 1 1 0 0 0 1 0 0 0 1 1]"
2,108,298,0,1,,99.66555184,0,0.334448161,late,33_1,0.3722,"[1 1 0 1 1 1 1 0 1 1 1 1 1 0 1 0 0 1 1 1 1 1 1 1 1 0 1 1 1 1 1 1 0 0 0 1 1
 1 1 1 1 1 1 1 1 0 1 1 1 0 1 1 1 1 1 1 1 1 1 1 1 1 1 0 0 1 1 1 1 1 1 1 1 1
 1 1 1 1 0 1 0 1 1 0 1 0 1 1 1 1 1 1 1 1 1 0 1 1 0 1 1 0 1 0 1 1 1 1 1 1 1
 1 1 1 1 1 1 1 1 1 1 1 1 0 1 0 0 1 1 1 1 1 1 1 1 0 0 1 1 0 1 0 1 0 1 1 1 0
 0 0 0 1 1 1 1 1 1 0 0 0 1 1 0 0 0 0 0 1 1 0 1 1 0 1 0 0 1 1 0 0 0 0 1 1 1
 0 1 1 1 1 0 1 0 0 0 0 0 0 0 0 1 1 1 1 1 1 1 1 1 1 1 1 1 1 1 1 1 1 1 1 1 3
 1 1 1 1 1 1 0 0 1 1 1 0 0 1 0 0 1 1 0 1 0 1 1 1 1 1 1 1 1 1 1 1 1 1 1 1 1
 1 1 0 1 1 1 1 1 1 1 1 1 1 1 1 0 1 1 1 1 1 1 0 0 1 1 1 0 1 1 1 1 1 1 1 1 1
 1 0 1 0 1 1 1 1 1 1 1 1 1 0 1 1 1 0 1 1 1 1 0 1 1 1 0 0 0 1 0 1 1 1 1 1 1
 0 0 1 1 1 1 1 0 0 1 1 0 1 1 1 1 1 1 0 1 1 0 1 0 1 0 0 1 1 1 0 1 0 0 1 1 1
 1 1 0 0 0 1 1 1 0 1 0 0 1 1 1 1 1 1 1 1 1 0 1 1 0 1 1 1 0 0 1 0 0 0 0 1 1]"
3,24,103,60,59,,46.3963964,27.02702703,26.57657658,pre,41_1,0.3277,"[2 2 3 2 2 3 3 2 3 2 2 1 1 1 2 1 0 3 3 2 3 1 3 1 1 1 1 1 1 1 1 2 2 2 1 3 1
 1 1 1 1 2 2 3 2 2 1 1 1 1 3 3 1 1 1 1 2 3 1 1 1 1 1 3 3 1 1 1 1 1 1 1 2 2
 1 1 1 3 1 1 1 2 0 1 3 2 3 3 3 3 1 3 2 2 2 1 3 1 3 1 3 3 1 2 2 3 3 3 2 3 2
 3 2 3 0 2 3 1 3 1 3 3 1 3 2 2 3 2 3 2 0 3 2 1 3 2 2 3 2 3 2 3 2 1 3 1 3 1
 2 3 1 2 1 1 1 3 2 2 1 2 1 1 2 1 2 3 3 1 1 3 2 3 2 2 1 3 2 2 2 2 2 2 3 0 0
 3 1 1 1 1 1 1 1 2 2 3 2 1 1 1 1 1 1 3 3 1 1 1 3 2 0 0 1 1 1 1 0 0 1 1 1 1
 1 1 0 1 1 1 0 0 1 1 0 0 1 0 0 1 1 0 0 0 0 0 0 0]"
4,50,191,5,0,,97.44897959,2.551020408,0,early,41_1,0.3277,"[1 0 0 0 0 0 0 0 0 0 0 0 0 1 1 1 0 1 1 0 1 1 1 2 1 1 1 1 0 1 1 0 1 1 1 1 1
 1 1 1 1 1 1 1 0 1 2 1 1 1 1 1 1 1 1 1 1 1 1 1 1 1 1 1 1 1 1 1 2 1 1 1 1 2
 1 1 1 1 1 1 1 1 1 1 1 1 1 1 1 1 1 1 1 1 1 2 0 1 1 1 0 0 1 1 1 1 1 1 1 0 1
 1 0 1 1 1 1 1 1 1 1 1 1 1 0 0 1 0 0 1 1 0 1 1 0 0 0 1 1 1 0 1 1 0 0 1 1 1
 1 1 1 1 1 1 1 1 1 1 0 0 1 1 1 1 1 1 1 1 0 1 1 1 0 1 1 0 0 1 1 0 0 0 1 1 1
 1 1 1 1 1 1 1 0 1 0 1 1 1 1 1 1 1 1 0 1 1 1 1 0 1 0 1 1 1 1 1 0 1 1 1 1 1
 1 1 1 1 1 1 1 1 1 1 1 0 1 0 1 1 1 1 1 1 1 1 1 1]"
5,57,160,20,9,,84.65608466,10.58201058,4.761904762,late,41_1,0.3277,"[1 0 0 0 0 0 0 0 0 0 0 0 1 2 1 1 0 1 1 0 1 1 2 2 0 1 1 3 1 1 1 1 1 1 1 1 1
 1 3 1 2 1 3 1 1 1 1 1 1 1 0 1 1 1 1 1 1 1 2 1 1 1 1 1 1 1 1 1 1 1 1 1 1 1
 3 1 1 1 2 1 1 1 3 1 1 1 1 1 1 1 1 1 0 0 1 1 0 3 1 1 0 1 1 0 2 2 1 1 1 0 2
 1 0 1 1 2 1 1 1 1 1 1 1 1 0 0 1 0 0 1 1 0 2 2 0 0 0 1 1 1 0 1 1 1 0 1 1 1
 1 1 1 2 0 1 3 1 1 1 0 0 1 2 2 1 1 1 1 1 1 1 1 1 3 1 1 0 0 1 1 1 0 0 0 0 1
 1 1 2 1 1 1 1 1 1 0 0 1 2 0 2 1 1 1 0 1 1 1 0 3 1 1 2 1 1 1 1 0 1 1 1 0 1
 0 1 1 1 1 0 1 0 1 1 1 0 1 0 1 2 1 0 1 0 0 1 1 0]"
6,0,77,3,2,,93.90243902,3.658536585,2.43902439,pre,63_1,0.3967,"[1 1 1 1 1 1 1 1 1 1 1 1 1 1 1 1 1 1 1 3 2 1 1 1 1 1 1 1 1 1 1 2 3 1 1 1 1
 1 1 1 1 1 1 1 1 1 1 1 1 1 1 1 1 1 1 1 1 1 1 1 1 1 1 2 1 1 1 1 1 1 1 1 1 1
 1 1 1 1 1 1 1 1]"
7,31,51,0,0,,100,0,0,early,63_1,0.3967,"[0 1 1 1 1 0 0 1 0 1 1 1 1 1 1 1 0 0 1 1 1 0 0 1 1 0 0 1 1 1 0 1 1 0 1 1 1
 1 0 0 1 1 0 0 0 1 0 1 0 1 1 0 0 0 0 0 1 1 1 1 0 1 0 1 1 1 1 1 1 0 0 1 0 1
 1 1 1 0 0 1 1 1]"
8,16,66,0,0,,100,0,0,late,63_1,0.3967,"[0 1 0 1 1 0 1 1 0 1 1 1 1 0 1 1 1 0 1 1 0 1 1 1 1 1 0 1 1 1 0 1 1 1 1 1 1
 1 1 0 1 1 0 1 0 0 0 1 1 1 1 1 1 1 1 0 1 1 1 1 1 1 1 1 1 1 1 1 1 1 1 1 1 0
 1 1 1 1 1 1 1 1]"
9,17,268,33,32,,80.48048048,9.90990991,9.60960961,pre,69_1,0.3343,"[1 1 1 1 1 1 1 2 1 1 2 1 1 2 1 1 1 1 1 1 1 1 1 0 1 1 1 1 2 3 1 1 1 3 1 3 1
 1 2 2 3 1 2 2 1 1 1 2 1 3 1 1 1 1 1 1 1 1 1 1 2 1 1 1 2 1 1 2 1 1 2 1 2 1
 1 1 1 1 1 2 1 3 1 1 1 1 1 2 1 1 1 1 1 3 2 1 1 1 2 2 3 1 3 1 1 1 2 1 1 1 1
 1 1 1 3 3 1 1 1 1 3 1 1 2 1 1 1 1 1 1 1 3 1 2 1 3 1 1 3 1 1 3 1 1 1 1 1 1
 1 1 3 3 1 3 1 3 1 1 1 1 1 2 2 1 2 1 1 2 2 1 3 1 1 1 2 1 1 1 1 1 3 1 2 2 1
 1 1 3 1 1 1 3 1 1 3 1 1 1 1 3 1 2 1 1 1 1 1 1 3 1 1 1 1 1 1 1 1 1 1 1 1 0
 1 1 3 1 2 1 1 1 1 1 1 1 1 1 1 1 1 1 1 1 1 1 3 1 1 1 3 1 1 1 1 1 1 1 1 1 1
 1 1 1 1 1 2 1 1 1 1 1 1 1 1 1 1 3 1 1 1 1 1 1 1 1 1 1 1 1 1 1 1 1 1 1 1 1
 1 1 1 1 1 1 1 1 0 1 1 0 1 1 1 1 1 1 1 1 0 1 1 1 1 3 1 1 0 1 1 0 1 1 1 1 1
 1 1 1 1 1 1 1 0 0 0 0 0 0 0 0 0 0]"
10,3,276,66,5,,79.5389049,19.02017291,1.44092219,early,69_1,0.3343,"[1 1 1 2 1 1 1 1 1 1 1 3 1 1 1 1 1 1 1 1 1 1 1 0 1 1 1 2 1 1 1 1 1 2 1 1 1
 1 1 2 1 1 1 1 1 1 2 2 1 1 1 1 2 1 1 2 1 1 2 1 1 1 1 1 1 1 2 2 2 1 2 1 2 1
 1 1 3 1 2 1 1 1 1 1 1 1 1 1 1 1 1 1 2 1 2 2 2 1 1 1 1 2 2 2 3 1 1 1 1 1 1
 1 1 1 2 1 1 2 1 1 1 1 1 1 1 2 1 1 1 1 2 1 1 1 1 1 2 2 0 1 2 1 1 1 1 1 1 2
 1 2 1 1 1 2 1 1 1 2 2 2 1 2 1 1 1 1 1 1 2 1 1 1 3 1 1 1 1 1 1 1 2 2 2 1 1
 1 1 1 1 2 1 1 1 1 1 2 2 1 2 1 1 1 1 2 1 2 1 2 1 1 1 1 1 1 2 1 2 1 1 1 1 1
 2 2 2 1 1 2 1 1 1 1 1 1 1 1 1 1 1 1 1 1 1 2 0 1 1 1 1 1 1 1 1 1 1 2 2 1 1
 1 3 1 1 1 1 1 1 1 1 2 1 1 1 1 1 1 1 1 1 1 1 1 1 2 2 1 1 1 2 1 1 1 1 1 1 1
 1 1 1 1 1 1 1 2 1 1 1 1 1 1 1 1 2 1 2 1 1 1 1 2 1 1 1 1 2 1 1 1 1 1 1 1 1
 1 1 1 1 1 2 1 1 1 1 1 1 1 1 1 1 1]"
11,12,285,39,14,,84.31952663,11.53846154,4.142011834,late,69_1,0.3343,"[1 1 1 1 1 1 1 1 1 1 1 1 1 1 3 0 1 1 1 1 1 1 1 0 1 1 1 1 1 1 1 3 1 3 1 1 1
 1 3 2 1 1 2 1 1 1 1 2 1 1 1 1 1 1 0 1 1 1 1 1 1 2 2 1 1 1 1 1 3 1 1 1 2 1
 1 1 1 1 1 1 1 1 0 1 1 1 1 1 1 1 2 1 1 1 1 1 1 1 2 1 2 1 1 1 1 1 1 1 1 1 2
 1 1 1 2 1 1 2 1 1 1 2 1 1 1 2 1 1 1 1 1 1 1 2 2 1 3 1 2 1 1 1 1 0 1 1 1 1
 1 1 3 1 2 2 2 1 2 1 2 1 1 1 1 2 1 1 2 1 1 1 2 3 1 1 1 1 1 1 1 1 2 1 2 1 1
 1 1 1 1 1 0 2 1 1 1 2 1 1 1 2 1 3 1 1 1 3 1 1 1 1 2 2 1 1 1 1 1 1 1 1 2 1
 1 1 1 1 1 1 1 1 1 1 2 1 1 1 1 1 1 1 3 1 1 3 1 1 1 1 1 1 1 2 1 1 1 1 1 1 1
 1 1 1 2 1 1 1 1 1 1 1 1 1 1 1 1 1 1 0 1 1 1 1 1 1 1 3 1 1 1 1 1 1 1 1 1 1
 1 3 1 1 1 1 1 1 1 1 2 1 1 1 1 1 1 1 1 1 2 1 1 1 0 1 1 1 1 1 1 1 1 1 1 1 0
 1 1 1 0 1 1 1 1 1 1 0 1 1 0 1 2 1]"
12,1,247,11,11,,91.82156134,4.089219331,4.089219331,pre,83_1,0.2329,"[1 1 1 1 2 1 1 1 1 1 1 1 1 1 1 1 1 1 1 1 1 1 1 1 1 1 1 1 1 1 3 1 1 1 1 1 1
 1 1 3 1 1 1 1 1 1 1 1 1 1 2 1 3 1 1 1 2 1 2 1 2 1 1 1 1 1 1 1 1 1 1 1 1 1
 1 1 3 1 1 3 1 1 1 1 1 3 1 1 1 1 1 1 1 1 1 1 1 1 1 1 1 3 1 1 1 1 1 1 2 2 1
 1 1 2 2 1 1 1 1 1 1 1 1 1 1 1 1 1 1 1 1 1 1 1 1 1 1 1 1 1 1 1 1 1 1 1 1 2
 1 1 1 1 1 1 1 1 3 1 1 2 1 1 1 1 1 3 1 1 1 1 1 1 1 1 1 1 1 3 1 1 1 1 1 1 1
 1 1 1 1 1 1 1 1 1 1 1 1 1 1 1 1 1 1 1 1 1 1 1 1 1 1 1 1 1 1 1 1 1 1 1 1 1
 1 1 1 1 1 1 1 1 1 1 1 0 1 1 1 1 1 1 1 3 1 1 1 1 1 1 1 1 1 1 1 1 1 1 1 1 1
 1 1 1 1 1 1 1 1 1 1 1]"
13,14,244,9,3,,95.3125,3.515625,1.171875,early,83_1,0.2329,"[1 1 1 1 1 1 1 1 1 1 1 2 1 1 1 1 1 1 1 1 1 1 1 1 1 1 1 1 2 1 3 1 1 1 1 2 1
 1 1 2 1 1 1 1 1 1 1 1 1 2 1 1 1 1 1 1 1 1 1 1 3 0 1 1 1 1 1 1 0 1 1 1 1 1
 1 1 1 1 1 1 1 1 1 1 1 1 1 1 1 1 1 1 1 1 1 1 1 1 1 0 2 1 1 1 1 1 1 1 1 0 2
 1 1 1 2 1 1 1 1 1 1 1 1 1 1 1 1 1 1 1 1 1 1 1 0 1 1 0 1 1 1 1 1 1 1 1 1 1
 1 1 1 1 1 1 1 1 1 1 0 1 1 0 1 1 1 1 2 1 1 1 1 1 1 1 1 1 3 1 1 1 1 1 1 1 1
 1 1 1 1 1 1 1 1 1 1 1 1 1 1 1 1 1 1 1 1 1 1 1 1 1 1 1 1 1 1 1 1 1 1 1 1 1
 1 1 1 1 1 1 0 1 1 0 1 1 1 1 1 1 1 0 1 1 1 1 1 1 1 1 1 1 1 1 1 1 1 1 1 1 1
 1 1 1 1 1 0 0 1 1 0 1]"
14,1,202,31,36,,75.0929368,11.52416357,13.38289963,late,83_1,0.2329,"[1 1 1 1 1 1 1 1 1 2 1 1 2 3 1 3 1 2 1 1 1 1 1 1 1 1 1 1 1 1 1 2 1 1 2 2 2
 3 1 1 1 1 1 1 1 1 1 3 1 1 1 1 2 2 1 1 1 3 1 1 3 1 1 1 1 1 1 1 1 1 1 3 2 1
 1 1 1 1 1 3 1 1 1 3 1 2 1 3 1 1 1 1 3 1 1 1 1 3 1 1 1 1 1 1 1 1 3 1 1 3 1
 1 1 2 2 1 3 2 1 1 1 1 1 1 1 1 1 1 1 1 1 1 1 1 1 3 2 1 3 2 1 3 1 1 1 1 1 2
 1 2 1 1 1 1 1 3 1 1 1 1 1 1 1 1 1 2 1 1 3 2 1 2 1 1 1 2 3 3 1 1 2 1 2 1 0
 1 3 1 1 1 1 1 1 1 1 1 3 1 1 1 1 3 1 1 2 1 1 2 3 1 3 1 1 1 1 1 1 1 1 1 1 1
 3 2 2 3 1 1 1 1 1 1 1 3 3 1 2 1 1 1 1 1 2 1 1 3 1 2 3 1 1 1 1 1 1 1 1 1 1
 1 1 1 1 1 1 3 1 1 3 3]"
15,29,168,27,26,,76.01809955,12.21719457,11.76470588,pre,85_1,0.1061,"[1 1 1 1 1 1 1 1 1 1 1 1 1 3 0 0 1 3 1 1 1 1 1 1 0 3 1 1 1 3 1 3 2 1 1 1 2
 3 1 2 1 2 1 1 2 3 1 2 0 0 1 3 2 1 1 1 2 3 1 1 1 1 1 1 1 1 3 1 1 1 1 1 3 1
 1 3 1 3 3 1 3 1 3 1 1 1 1 1 2 3 1 2 2 0 1 0 1 0 1 1 1 3 2 1 2 1 1 1 2 1 1
 3 1 1 1 1 1 1 1 1 1 1 2 1 1 1 1 1 1 2 2 1 3 2 2 1 2 1 1 1 1 1 3 1 1 1 2 2
 0 1 1 1 2 1 1 1 1 1 1 1 1 0 1 1 1 1 1 1 1 3 1 2 0 1 1 1 1 1 1 1 2 3 2 1 1
 1 1 3 3 1 1 1 1 1 0 0 1 1 1 1 1 1 1 1 1 1 1 1 1 1 2 1 1 1 1 3 1 1 1 1 1 1
 1 1 1 1 1 0 1 1 1 1 1 1 1 0 0 0 0 0 0 0 0 0 0 0 0 0 0 0]"
16,28,180,28,14,,81.08108108,12.61261261,6.306306306,early,85_1,0.1061,"[1 1 3 1 1 1 1 1 1 1 1 1 1 3 0 3 1 0 2 1 1 1 1 1 1 1 1 2 1 2 1 1 1 1 2 0 1
 1 1 1 1 1 1 1 1 2 1 1 1 3 0 1 1 1 2 1 0 1 1 1 1 1 1 1 1 1 1 1 2 1 1 1 1 1
 1 1 1 1 1 1 1 1 3 1 1 1 1 1 0 1 1 1 1 2 1 1 1 1 1 1 1 3 1 1 2 1 3 1 1 1 1
 1 1 3 3 1 1 1 1 2 0 1 1 1 1 1 1 1 1 1 1 1 1 1 0 1 3 1 1 1 1 1 1 1 2 1 1 1
 1 2 2 1 0 1 2 1 2 0 1 1 1 1 1 1 2 2 1 1 1 3 1 1 1 1 2 1 0 2 2 1 2 1 1 1 1
 1 1 1 1 1 1 0 0 0 0 2 1 1 1 1 3 2 1 1 1 0 3 1 1 0 1 1 2 1 1 1 1 0 1 1 2 1
 1 1 2 0 1 0 2 0 0 3 1 0 1 1 1 1 0 1 2 1 1 0 0 0 1 1 1 0]"
17,16,174,17,43,,74.35897436,7.264957265,18.37606838,late,85_1,0.1061,"[1 1 1 1 1 1 1 1 3 1 1 1 1 2 1 3 3 1 1 1 1 3 1 1 1 3 3 2 1 1 1 1 1 1 1 1 2
 0 1 1 3 1 1 1 1 1 1 1 1 1 3 2 1 1 1 1 1 1 1 1 1 1 1 2 1 3 1 1 2 3 1 3 1 1
 0 1 1 1 3 3 1 3 1 1 1 1 1 0 1 1 1 1 1 3 1 1 1 3 1 1 1 3 1 1 3 3 2 1 2 1 3
 3 1 2 1 1 1 1 3 2 0 1 2 3 3 1 1 1 1 1 1 1 1 1 0 1 3 3 1 1 1 1 1 1 0 1 1 1
 0 1 3 1 3 0 1 1 2 1 3 1 1 1 3 1 1 3 3 1 1 0 3 1 1 1 1 3 1 3 2 3 2 3 2 1 1
 1 1 1 1 1 1 1 1 1 1 0 1 1 1 3 1 1 1 1 1 1 1 1 3 0 1 1 1 1 1 1 1 1 2 1 3 1
 1 1 3 1 1 0 1 0 0 1 3 0 1 1 1 3 1 1 1 1 1 2 1 0 1 1 1 1]"
18,8,44,17,17,,56.41025641,21.79487179,21.79487179,pre,86_1,0.2606,"[3 1 2 2 2 1 3 1 1 0 0 3 2 2 3 1 2 0 1 1 1 2 1 3 1 3 1 3 1 1 3 2 2 1 1 1 1
 3 1 1 1 2 3 1 1 1 2 1 1 1 2 1 2 0 1 3 3 1 2 3 2 1 3 1 3 1 2 1 1 1 1 0 3 1
 2 3 1 1 1 1 1 1 1 0 0 0]"
19,13,50,15,8,,68.49315068,20.54794521,10.95890411,early,86_1,0.2606,"[1 1 1 1 1 1 2 1 0 0 1 1 3 1 2 1 1 1 1 2 1 1 2 2 3 1 1 1 1 2 1 2 3 2 1 3 2
 0 1 1 1 1 0 2 1 2 1 1 1 1 1 1 1 1 1 1 3 1 0 3 3 0 1 1 1 0 1 2 1 1 2 1 3 2
 1 1 0 2 0 1 1 0 0 0 1 0]"
20,7,51,5,23,,64.55696203,6.329113924,29.11392405,late,86_1,0.2606,"[1 1 1 3 1 3 3 1 3 3 1 2 2 0 1 3 1 1 1 3 1 1 1 1 3 3 1 3 1 1 3 1 3 2 3 1 1
 1 3 1 2 1 3 2 1 1 3 1 1 1 1 1 1 1 1 3 3 1 1 1 1 1 1 1 3 1 1 1 1 1 3 1 3 1
 1 3 1 1 0 3 1 0 0 0 0 0]"
21,35,147,1,0,,99.32432432,0.675675676,0,pre,89_1,0.5411,"[1 1 1 1 1 1 1 1 1 1 1 1 1 1 1 1 1 1 1 1 1 1 1 1 1 1 1 1 1 1 1 1 1 1 1 1 1
 1 1 1 1 1 1 1 1 1 1 1 1 1 1 1 2 1 1 1 1 1 1 1 1 1 1 1 1 1 1 1 1 1 1 1 1 1
 1 1 1 1 1 1 1 1 1 1 1 1 1 1 1 1 1 1 1 1 1 1 1 1 1 1 1 1 0 1 1 1 1 1 1 1 1
 1 1 1 1 1 1 1 1 1 1 1 1 1 1 1 1 1 1 1 1 1 1 1 1 1 1 1 1 1 1 1 1 1 1 1 1 1
 1 0 0 0 0 0 0 0 0 0 0 0 0 0 0 0 0 0 0 0 0 0 0 0 0 0 0 0 0 0 0 0 0 0 0]"
22,25,157,1,0,,99.36708861,0.632911392,0,early,89_1,0.5411,"[1 1 1 1 1 1 1 1 1 1 0 1 1 1 1 1 1 1 1 1 1 1 1 1 1 1 1 1 1 1 1 1 1 1 1 1 0
 1 1 1 1 1 1 0 1 1 1 1 1 1 1 1 1 1 1 1 1 1 1 1 1 1 0 1 1 1 0 1 1 1 1 1 1 1
 1 1 1 1 1 1 1 1 1 1 1 1 1 1 1 1 1 0 1 1 1 1 1 1 1 1 1 1 1 1 2 1 1 1 1 1 1
 0 1 0 1 1 1 1 1 1 1 0 1 1 1 1 1 1 1 1 0 1 0 1 0 1 0 0 0 0 0 0 0 0 0 0 0 0
 0 1 1 1 1 1 1 1 1 1 1 1 1 1 1 1 1 1 1 1 1 1 1 1 1 1 1 1 1 1 1 1 1 1 1]"
23,52,121,10,0,,92.36641221,7.633587786,0,late,89_1,0.5411,"[0 1 1 1 1 1 1 1 1 1 1 1 1 2 1 1 1 1 2 1 1 1 1 1 1 1 1 2 1 1 1 1 1 1 1 1 1
 1 1 1 1 1 1 1 2 1 1 1 1 1 1 1 2 1 2 1 1 1 1 1 1 1 1 1 1 1 1 1 2 1 1 2 1 1
 1 1 1 0 1 1 0 1 1 1 1 1 1 1 1 1 1 1 1 1 1 2 1 0 1 1 1 1 1 1 1 1 1 1 1 0 1
 1 0 1 1 1 0 1 1 1 1 1 1 1 1 1 1 1 1 1 2 1 0 1 0 1 0 0 0 1 0 0 0 0 0 0 0 0
 0 0 0 0 0 0 0 0 0 0 0 0 0 0 0 0 0 0 0 0 0 1 0 0 0 0 0 0 0 1 0 1 0 0 0]"
24,1,128,9,8,,88.27586207,6.206896552,5.517241379,pre,90_1,0.3425,"[1 1 1 3 1 1 1 3 1 2 1 1 1 1 1 1 1 1 1 3 1 1 1 1 1 1 1 1 1 1 1 1 1 2 1 1 1
 1 1 1 1 1 1 1 1 1 1 3 1 1 1 1 1 1 1 1 1 1 1 1 1 1 1 1 1 1 1 1 2 1 3 1 1 1
 1 3 1 1 0 2 2 1 1 1 1 1 1 2 1 1 1 1 1 1 3 1 1 1 3 1 1 1 1 1 2 1 1 1 1 1 2
 1 1 1 1 1 1 1 1 1 1 1 1 1 1 1 1 1 1 1 1 1 1 1 1 1 1 1 1 2 1 1 1 1 1 1]"
25,39,105,2,0,,98.13084112,1.869158879,0,early,90_1,0.3425,"[1 1 1 1 1 0 1 1 1 0 0 1 1 0 1 0 1 1 0 0 1 1 1 1 1 1 1 1 1 0 0 1 1 1 1 1 1
 0 1 1 1 1 1 1 1 1 0 1 1 1 1 1 1 1 0 1 0 1 1 1 1 0 1 0 1 1 0 0 1 1 1 1 1 1
 1 1 1 0 0 0 0 1 1 1 0 1 1 1 1 1 1 1 1 1 1 0 1 0 1 0 1 1 0 1 1 1 0 1 0 1 2
 0 1 0 1 1 0 1 1 1 1 1 1 0 0 1 1 1 0 1 0 0 1 0 1 1 1 0 0 1 1 1 1 2 1 1]"
26,3,118,0,25,,82.51748252,0,17.48251748,late,90_1,0.3425,"[1 1 1 1 1 1 0 1 1 1 1 1 1 1 1 3 3 1 1 3 1 1 3 1 1 3 1 1 1 1 3 1 1 3 1 1 1
 1 1 1 1 1 1 3 3 1 1 3 1 1 1 1 1 1 1 1 1 1 1 1 1 1 1 1 1 1 1 1 1 1 1 1 1 1
 3 3 1 1 1 1 1 1 1 1 1 3 1 1 1 1 1 1 1 1 3 1 3 1 1 1 1 1 1 1 3 1 3 1 1 1 1
 3 1 3 1 1 1 3 1 1 3 1 1 3 0 1 1 1 1 1 1 1 1 1 1 1 1 0 1 3 1 3 1 3 1 1]"
27,4,254,38,38,,76.96969697,11.51515152,11.51515152,pre,91_1,0.335,"[1 1 1 1 1 1 3 1 1 1 2 1 1 1 1 1 1 1 1 1 1 1 1 1 1 1 1 1 1 1 1 1 2 3 2 1 1
 1 2 1 1 2 2 1 1 1 1 1 1 1 1 2 1 1 1 2 1 3 2 2 1 2 1 3 1 1 1 2 1 1 1 1 1 1
 1 2 1 3 1 3 3 1 3 3 3 3 3 1 1 1 1 2 3 1 1 1 1 1 1 1 3 1 1 2 1 1 1 1 1 1 1
 2 2 1 1 2 3 1 1 1 1 3 1 1 1 1 1 2 1 1 1 1 1 2 1 1 1 1 2 1 1 1 1 1 2 3 1 1
 1 1 1 2 2 3 2 3 1 3 1 1 1 1 1 1 2 2 1 1 3 1 1 1 1 3 1 3 1 1 1 3 1 1 1 1 3
 3 1 3 1 1 3 1 1 1 1 1 1 1 1 1 1 3 1 1 1 1 1 1 1 3 1 2 3 1 3 2 2 2 1 1 2 1
 1 1 1 2 1 3 2 1 1 1 1 1 1 1 1 1 1 1 1 1 1 1 1 1 1 1 2 1 1 1 1 1 1 1 1 1 1
 1 3 1 1 1 1 1 1 1 2 1 1 1 1 1 1 1 1 1 1 3 3 3 3 1 1 1 2 1 1 1 1 1 1 1 2 1
 1 1 0 1 1 1 1 1 1 1 1 1 0 1 1 1 1 0 1 1 0 1 1 1 1 1 1 1 1 1 1 1 1 1 1 1 1
 1]"
28,36,261,4,33,,87.58389262,1.342281879,11.0738255,early,91_1,0.335,"[1 1 1 1 1 1 1 1 1 1 1 1 1 1 1 1 1 1 1 1 1 1 1 1 0 1 1 1 1 1 1 1 3 1 1 1 1
 1 1 1 1 1 1 3 0 1 1 1 1 1 1 1 1 1 1 1 1 1 1 3 0 1 0 1 1 1 1 3 1 1 1 0 1 1
 1 1 1 1 1 1 1 1 3 3 1 1 1 1 1 1 1 1 3 3 1 1 3 1 1 0 3 1 3 1 1 1 1 1 1 1 1
 1 1 1 1 1 1 1 1 1 1 3 1 1 1 1 1 1 1 1 1 1 1 1 1 1 1 1 1 1 0 0 1 1 2 3 1 3
 1 1 1 3 3 3 1 3 1 1 2 1 1 1 1 1 0 3 1 1 1 1 3 3 1 1 1 0 1 1 1 1 1 1 1 1 1
 1 0 1 1 1 1 1 1 1 1 1 2 1 1 1 1 1 3 1 1 1 1 1 3 3 1 1 3 1 1 1 0 1 1 1 1 1
 0 1 1 1 1 3 1 1 1 0 1 3 1 0 1 1 3 1 1 3 1 1 0 1 1 1 1 1 1 1 1 1 1 1 1 3 0
 1 3 1 1 1 1 1 0 1 1 1 0 1 1 1 3 3 1 1 1 1 1 1 1 1 1 1 1 0 1 1 1 1 1 0 2 1
 1 1 1 1 1 0 1 1 1 1 1 1 1 1 0 1 0 0 0 1 0 1 1 1 1 0 1 0 0 0 0 0 0 1 1 0 0
 1]"
29,7,242,21,64,,74.00611621,6.422018349,19.57186544,late,91_1,0.335,"[1 1 1 1 1 1 2 1 1 1 2 1 1 1 1 1 1 3 1 1 1 1 1 3 1 3 1 1 1 3 1 1 1 3 2 3 1
 1 2 1 1 1 1 3 1 1 1 1 1 3 3 2 1 3 1 1 1 2 1 1 1 1 1 1 1 1 1 3 3 1 1 1 1 1
 1 3 1 2 2 3 1 3 3 3 1 3 1 1 1 1 1 1 3 3 3 1 1 0 1 1 1 1 1 3 3 1 1 1 0 3 1
 3 1 1 3 1 1 2 1 1 1 3 2 1 1 1 1 2 1 1 1 1 3 1 1 3 1 1 3 3 1 1 1 1 3 1 3 1
 3 1 3 3 3 3 1 1 1 2 3 1 1 1 1 1 1 1 1 1 1 3 1 2 1 3 1 1 1 1 1 3 1 3 3 1 3
 3 1 3 1 1 3 1 1 1 1 1 2 1 1 1 1 1 1 1 1 1 1 1 1 3 3 1 1 2 1 1 3 2 3 1 3 3
 1 1 1 1 2 3 1 1 1 1 1 1 1 1 1 1 3 1 3 1 1 1 1 3 1 1 1 1 3 1 1 0 1 1 1 3 1
 1 2 1 1 1 1 1 1 1 3 1 2 2 1 1 1 1 1 1 1 1 1 1 1 1 1 1 1 1 1 1 1 1 1 1 1 1
 1 1 1 1 1 1 3 3 1 1 1 1 1 1 1 1 1 1 0 1 1 1 1 1 1 1 1 1 0 1 0 0 2 1 1 1 3
 1]"
30,8,311,39,39,,79.94858612,10.02570694,10.02570694,pre,93_1,0.2304,"[3 1 1 1 1 1 3 1 1 1 1 1 1 1 1 1 1 1 1 1 1 1 1 1 1 1 1 2 1 1 1 1 1 2 1 1 2
 1 1 1 1 2 1 1 1 1 1 1 1 1 1 1 1 1 1 2 1 3 2 1 3 0 3 3 1 1 1 1 1 1 1 1 2 1
 1 1 1 1 2 1 1 1 1 1 1 0 1 2 3 1 1 1 1 1 1 1 1 1 1 1 1 1 1 1 3 3 1 1 1 3 2
 0 2 1 1 3 1 2 2 1 1 1 1 1 1 2 1 1 1 3 3 3 2 1 3 1 1 1 1 3 1 1 1 2 1 1 1 2
 1 1 1 1 1 1 1 2 3 1 1 2 1 1 1 1 1 2 1 1 1 2 1 1 1 1 1 1 1 1 3 1 1 1 1 1 1
 1 1 1 1 1 1 1 1 1 1 1 1 1 1 1 1 1 1 1 3 1 3 2 3 1 2 1 1 1 0 1 1 1 1 1 1 1
 1 1 1 1 1 1 1 1 1 1 1 1 1 1 1 1 0 1 3 1 3 1 2 1 3 1 1 2 1 1 1 1 3 1 1 1 1
 1 1 2 1 1 1 1 2 2 1 1 1 1 3 3 2 1 3 2 3 3 1 1 1 3 1 1 1 2 3 1 1 1 1 1 3 1
 1 1 1 1 3 1 2 3 2 1 3 1 1 3 1 1 1 1 1 1 2 1 1 1 2 1 2 1 2 1 1 1 1 1 1 1 1
 1 1 1 1 1 1 1 1 1 1 1 1 1 1 1 1 2 1 1 1 1 1 1 3 1 1 1 1 1 1 1 1 1 1 1 3 1
 1 2 1 1 1 1 1 1 1 1 1 1 1 1 1 1 1 1 1 1 1 1 1 1 0 0 0]"
31,24,271,51,51,,72.6541555,13.67292225,13.67292225,early,93_1,0.2304,"[3 1 2 1 1 1 1 0 2 2 1 0 1 0 2 1 2 1 1 1 2 1 1 1 1 1 1 1 1 1 1 3 1 1 1 1 1
 1 0 3 1 1 2 1 2 1 1 1 1 1 0 1 1 1 1 1 1 1 1 1 1 0 3 1 2 1 1 1 1 1 1 1 1 1
 1 1 1 3 3 1 1 1 2 1 1 3 3 1 1 1 1 1 0 1 1 1 1 2 1 1 1 3 1 1 1 1 1 1 1 1 3
 2 1 1 1 3 1 3 1 1 1 0 1 1 3 1 1 1 3 3 3 1 2 2 2 1 2 3 1 3 1 1 1 2 1 1 2 1
 1 1 1 1 3 1 2 2 1 1 2 1 1 1 1 2 1 1 1 0 3 1 1 1 2 1 1 1 1 2 3 1 3 1 1 0 1
 2 1 2 1 2 2 1 1 3 1 2 3 1 1 1 1 1 1 1 3 1 1 1 1 1 1 3 1 1 1 1 2 2 1 1 1 2
 1 1 1 1 1 1 1 2 1 1 2 1 1 1 1 3 0 1 3 1 1 3 1 0 1 1 1 1 1 1 1 1 1 1 2 1 1
 2 3 1 1 3 1 1 1 3 2 1 1 1 3 1 1 1 2 1 3 3 1 1 2 3 3 1 1 1 1 1 3 2 1 1 1 1
 1 1 1 1 1 2 1 1 1 1 0 1 2 2 1 1 2 1 1 3 2 1 2 1 1 1 1 1 3 1 1 2 3 1 1 1 1
 1 3 1 0 1 1 0 1 1 1 1 1 1 1 1 1 1 1 1 1 2 1 1 3 1 1 1 1 1 3 1 1 1 1 1 3 3
 3 3 0 3 0 2 1 1 0 1 0 0 0 3 1 1 1 0 3 1 1 2 2 1 0 0 1]"
32,16,260,56,65,,68.24146982,14.69816273,17.06036745,late,93_1,0.2304,"[3 1 1 1 3 2 2 1 1 2 3 1 1 1 1 1 1 2 1 1 1 1 1 1 1 1 1 1 1 1 1 1 1 1 3 1 2
 2 0 0 1 1 1 1 1 1 1 1 1 3 0 1 1 1 1 2 1 1 3 2 3 0 2 1 1 1 1 1 1 2 2 1 3 1
 1 0 3 1 3 1 1 1 2 1 1 3 3 3 1 1 1 2 1 1 1 2 1 1 1 1 1 3 3 1 1 1 1 1 2 1 1
 2 1 1 1 1 2 1 2 1 1 1 1 2 3 1 2 1 2 3 1 3 1 1 3 3 1 3 0 1 1 1 2 1 1 1 1 1
 1 1 1 2 1 1 1 2 1 1 3 2 1 3 1 1 1 3 3 1 1 3 3 1 3 3 1 2 1 1 3 1 3 1 2 0 3
 2 1 2 3 2 1 1 1 1 1 1 3 1 2 1 1 1 1 0 1 1 1 1 3 1 1 1 1 1 2 1 1 1 1 1 1 3
 1 1 1 1 1 1 1 1 3 1 2 1 1 1 1 0 0 1 3 1 2 1 1 1 3 1 1 2 1 2 1 1 2 1 1 1 3
 3 3 2 2 3 3 1 1 3 2 1 2 2 3 3 2 2 3 1 1 3 1 1 1 2 2 1 1 1 1 1 1 3 1 1 1 2
 1 1 1 2 1 3 1 2 2 3 3 1 2 1 2 1 1 2 1 1 1 1 3 1 3 1 2 1 1 1 1 1 1 1 3 1 3
 1 3 1 1 1 1 0 1 3 1 1 1 1 1 1 1 1 1 1 3 1 1 3 1 3 1 1 3 1 3 1 1 1 2 1 1 1
 1 3 1 1 1 1 1 1 1 1 1 0 1 1 1 1 1 1 0 1 1 0 1 2 1 0 0]"
33,15,184,76,75,,54.92537313,22.68656716,22.3880597,pre,95_1,0.3445,"[1 1 2 1 3 1 2 1 2 3 1 1 1 1 1 2 2 3 1 1 3 1 1 1 1 1 1 3 3 2 3 1 2 1 2 1 1
 1 1 1 3 1 2 1 2 1 2 1 1 1 1 2 1 3 3 2 1 1 3 1 3 1 1 1 1 2 1 1 1 2 3 1 2 1
 3 3 1 1 1 2 1 1 1 1 1 1 1 1 1 1 1 3 1 3 2 1 2 1 2 1 2 3 1 1 1 3 1 1 1 2 1
 1 2 1 1 3 2 1 1 3 1 3 3 1 1 1 3 1 1 1 0 1 3 3 1 2 3 2 2 1 2 1 2 3 2 1 1 3
 3 3 3 2 1 1 3 3 3 2 2 1 2 1 1 1 1 3 1 1 3 1 2 1 3 1 1 3 1 3 2 2 3 1 3 2 1
 1 1 1 3 1 1 3 1 3 1 2 2 2 1 2 3 2 1 1 3 3 3 3 1 1 1 2 1 1 2 1 1 1 3 1 2 1
 1 2 2 1 2 1 1 1 3 3 1 1 1 1 3 1 1 2 2 1 3 2 3 1 1 1 2 1 2 1 1 1 1 1 1 3 3
 1 2 0 1 2 0 1 1 1 1 1 1 1 1 2 1 3 1 1 3 1 1 2 3 3 1 2 1 1 3 3 3 1 2 1 2 1
 2 1 3 2 3 1 3 1 1 2 2 1 1 3 2 2 2 3 1 3 2 1 1 2 2 1 1 2 2 2 1 1 2 3 1 2 3
 3 3 1 0 0 0 0 0 0 0 0 0 0 0 1 1 0]"
34,43,191,32,84,,62.21498371,10.42345277,27.36156352,early,95_1,0.3445,"[2 1 1 0 1 0 1 1 3 3 1 2 3 1 1 3 1 1 2 1 0 0 1 1 1 1 1 3 1 3 0 1 1 3 3 1 1
 3 1 1 3 3 0 1 1 1 1 0 1 1 1 1 1 3 0 2 1 1 1 0 1 1 2 1 1 2 1 1 3 1 1 1 3 1
 3 2 1 2 1 3 2 1 3 1 3 1 1 1 1 1 1 1 1 3 3 1 1 3 3 2 3 3 1 1 1 1 1 1 1 1 1
 1 3 3 1 3 1 1 2 0 3 1 3 1 1 1 1 1 2 1 3 3 0 3 1 3 3 2 3 1 1 3 3 1 3 1 1 2
 3 1 1 3 2 1 3 1 3 2 1 3 2 1 1 1 1 3 1 3 1 1 3 1 3 2 1 1 1 3 1 1 3 1 0 3 1
 0 3 1 1 1 1 3 2 3 3 1 1 0 2 3 3 2 1 1 1 3 3 2 0 1 1 3 2 2 1 1 1 2 3 1 0 1
 1 1 1 1 1 0 1 1 1 1 1 1 1 1 1 1 1 1 3 1 3 3 3 3 1 2 1 1 0 0 2 3 1 1 1 1 0
 1 0 3 1 3 0 3 2 3 1 1 1 1 1 1 1 1 1 0 1 1 2 1 1 3 3 1 2 1 0 3 3 0 1 1 1 1
 3 1 1 1 0 2 0 1 0 1 1 1 0 1 1 3 1 3 1 0 3 3 1 1 3 1 1 0 1 1 0 1 0 0 0 1 3
 1 0 2 3 3 1 1 0 0 1 0 3 0 0 1 0 0]"
35,11,147,37,155,,43.36283186,10.91445428,45.72271386,late,95_1,0.3445,"[3 1 1 1 2 1 2 1 3 3 3 1 3 3 1 3 3 2 1 1 3 1 1 1 1 1 1 3 2 3 1 1 3 1 3 3 1
 1 3 2 3 3 1 3 3 3 1 1 1 1 3 1 3 3 1 3 3 3 3 3 3 2 1 1 2 1 2 0 1 1 3 3 3 2
 3 3 1 2 1 1 2 1 3 1 2 2 1 3 1 1 3 3 1 3 3 0 1 3 3 1 3 3 2 2 1 1 1 2 1 1 0
 1 3 3 1 3 1 1 3 0 3 1 3 1 3 1 2 3 1 1 3 0 0 3 1 3 3 2 3 3 1 3 3 2 3 3 1 2
 3 3 3 3 1 3 1 2 3 3 1 3 3 3 1 3 1 3 2 1 2 1 2 1 1 3 3 3 1 3 3 3 3 1 3 2 1
 1 2 1 3 1 1 3 1 3 3 2 1 1 3 3 3 1 1 1 3 3 3 3 1 1 3 3 3 1 2 1 1 3 3 1 3 1
 1 2 1 1 2 0 1 2 3 3 1 1 3 2 1 2 3 1 2 1 3 3 3 3 1 1 1 1 3 0 3 3 3 3 1 1 3
 1 1 3 3 3 3 3 3 1 1 1 3 1 3 3 1 1 2 1 3 1 1 1 1 3 3 3 3 1 3 3 3 1 3 1 1 1
 3 3 3 1 3 1 1 1 0 1 1 1 1 1 2 3 1 3 1 3 3 1 3 3 1 1 2 3 1 3 0 1 3 3 1 1 1
 1 3 3 3 3 3 1 1 3 1 3 3 3 3 1 0 1]"
36,21,145,75,75,,49.15254237,25.42372881,25.42372881,pre,108_1,0.1755,"[1 3 1 2 2 2 1 1 1 2 1 1 1 2 1 2 2 1 1 3 2 3 0 2 1 1 2 1 1 1 1 2 2 3 1 1 3
 1 2 2 1 2 1 3 2 1 2 3 2 2 2 1 3 3 1 1 2 1 2 3 0 1 2 1 2 1 3 1 2 3 3 2 2 2
 3 1 3 1 1 0 1 1 3 1 1 2 2 3 1 2 1 3 2 2 3 2 1 1 2 1 3 1 2 1 1 3 3 1 1 3 3
 1 2 1 1 1 1 2 2 1 3 1 3 3 3 3 1 0 3 2 2 1 1 2 2 1 1 1 1 1 1 1 1 1 2 2 2 3
 2 1 2 1 1 1 1 2 2 1 0 3 1 1 3 2 1 1 1 1 1 2 3 1 1 1 1 3 3 1 2 1 1 2 3 2 2
 2 1 3 3 1 2 1 3 1 2 3 2 1 3 1 2 1 3 1 3 3 3 1 1 1 1 1 3 1 1 1 1 2 2 3 3 1
 2 1 3 2 1 1 2 2 3 1 1 1 1 2 3 3 3 2 3 3 3 2 0 0 1 1 1 3 1 2 2 1 1 3 3 1 0
 3 1 3 3 1 1 2 3 3 2 3 3 3 0 1 1 1 3 3 1 1 1 3 1 1 1 3 1 1 1 1 3 2 3 1 1 3
 0 1 0 0 1 0 1 1 1 1 1 1 0 0 0 0 0 0 0 0]"
37,59,158,19,80,,61.47859922,7.392996109,31.12840467,early,108_1,0.1755,"[1 3 3 3 3 1 1 1 1 3 1 3 3 2 1 1 0 1 1 1 3 1 0 3 1 1 1 1 3 2 1 3 1 3 1 1 1
 1 1 1 3 3 3 1 1 3 1 0 3 3 1 2 3 0 1 0 1 1 1 1 1 1 1 0 1 1 1 1 3 1 3 1 3 1
 3 1 1 0 0 1 1 3 2 1 1 1 1 0 1 3 1 0 1 1 1 1 1 1 1 0 1 1 0 1 1 1 1 3 1 3 3
 0 1 2 1 0 1 1 1 3 0 1 1 0 1 1 1 1 0 2 0 3 1 0 1 2 1 1 0 1 1 3 1 1 3 2 0 1
 1 3 1 1 3 1 1 1 1 1 1 1 1 1 0 1 3 1 1 1 2 1 1 3 1 1 1 1 0 3 1 1 3 3 1 1 2
 1 1 3 3 1 1 1 3 1 1 1 1 0 3 1 1 3 3 0 1 1 1 1 3 1 2 1 2 3 3 1 1 0 1 1 3 1
 3 3 3 2 0 3 1 3 0 0 1 3 1 0 3 3 3 1 0 0 0 3 0 0 1 1 1 0 0 1 3 3 0 0 3 3 1
 0 3 0 3 3 1 1 2 1 3 3 0 1 1 1 1 3 0 0 0 0 1 3 2 3 2 3 3 3 1 0 0 1 1 0 2 3
 2 1 3 0 3 3 3 1 0 0 0 1 0 0 3 0 0 2 0 0]"
38,7,127,71,111,,41.10032362,22.97734628,35.9223301,late,108_1,0.1755,"[1 3 2 3 1 1 1 1 1 1 2 3 1 1 1 3 1 1 1 3 3 1 3 1 1 1 1 2 1 2 3 1 2 3 1 1 2
 3 1 1 3 3 3 2 1 1 2 2 1 2 3 1 3 1 3 1 2 3 1 3 3 3 1 0 2 1 3 1 1 1 3 3 2 2
 3 1 3 2 2 3 2 1 2 2 1 3 1 3 1 2 1 3 3 3 2 3 3 1 3 1 1 2 2 1 1 3 3 2 3 1 3
 3 3 2 1 1 1 1 2 3 2 3 3 3 2 1 3 3 2 2 2 1 2 1 1 3 3 1 1 1 1 3 1 3 1 3 1 1
 1 0 3 1 2 2 1 1 3 3 3 3 2 2 1 2 3 1 1 2 2 1 3 2 3 2 1 3 2 1 3 2 3 1 3 3 1
 3 1 3 1 1 3 1 3 1 1 3 3 1 3 2 2 2 2 2 1 2 3 3 1 1 1 1 3 2 3 1 2 1 1 1 3 3
 3 3 2 1 1 1 2 1 1 2 2 1 3 2 3 3 2 3 0 3 1 3 2 2 2 2 2 2 1 3 3 1 0 3 3 1 1
 3 0 2 3 1 0 1 3 3 3 2 3 1 1 3 1 1 1 3 1 2 3 3 1 3 2 1 3 1 3 2 3 1 1 1 3 3
 3 3 1 1 1 3 3 2 1 2 2 3 3 1 0 1 1 1 1 1]"
39,2,150,33,33,,69.44444444,15.27777778,15.27777778,pre,110_1,0.3019,"[1 1 1 1 1 1 3 1 1 1 2 2 3 3 1 2 2 1 1 1 1 1 3 1 3 1 1 1 1 2 1 2 1 1 3 2 1
 3 1 3 1 1 2 1 2 3 1 3 2 2 1 1 1 1 1 3 1 1 2 2 1 1 1 1 2 1 1 1 3 1 1 1 1 3
 1 1 1 3 1 1 1 3 1 2 1 2 2 1 1 1 2 2 1 3 0 1 1 1 1 1 1 2 1 3 1 1 1 1 3 1 1
 1 2 2 1 1 1 1 1 1 3 2 1 3 1 3 3 2 1 1 3 1 3 1 3 1 1 1 2 1 3 1 1 1 1 2 1 3
 3 1 1 2 2 1 1 1 3 1 1 1 1 2 1 1 2 3 2 3 1 1 1 1 3 1 1 1 1 2 1 1 1 1 1 1 1
 1 2 1 1 1 3 1 1 1 1 1 1 1 1 1 1 1 1 1 1 1 1 1 1 1 1 1 1 1 1 1 1 0]"
40,20,179,15,4,,90.4040404,7.575757576,2.02020202,early,110_1,0.3019,"[1 2 1 1 1 1 3 0 1 1 1 3 1 0 1 1 1 1 1 1 1 1 2 1 1 1 1 1 1 1 1 1 1 1 2 1 1
 1 1 1 1 1 1 1 1 1 1 1 1 1 2 1 1 1 1 1 1 0 1 2 1 1 1 1 1 1 2 1 1 1 1 3 1 1
 1 1 1 1 1 1 2 1 1 2 1 1 1 1 1 2 1 1 2 1 1 1 1 1 1 1 1 1 1 1 1 1 1 3 1 1 1
 1 1 2 2 1 1 1 1 1 1 1 1 1 1 0 0 1 1 1 1 1 2 1 1 0 1 1 1 1 1 1 0 2 1 1 1 1
 1 2 1 1 1 1 1 1 0 1 1 1 1 1 1 0 1 1 1 1 1 1 1 1 1 1 1 1 1 0 1 1 1 1 1 0 1
 1 1 1 1 1 1 1 0 1 0 1 1 1 1 1 1 0 1 0 1 0 0 1 1 0 1 1 1 1 0 1 1 0]"
41,5,156,29,28,,73.23943662,13.61502347,13.14553991,late,110_1,0.3019,"[1 1 3 1 1 1 1 1 1 1 2 3 2 1 1 3 3 1 1 1 1 1 3 1 1 1 2 3 1 3 1 1 1 1 3 1 1
 2 1 3 2 1 1 1 1 3 2 3 1 1 3 1 1 1 1 1 1 1 1 2 1 1 1 1 1 3 1 1 3 1 3 1 1 2
 3 2 1 1 2 2 1 2 1 2 1 1 3 2 1 1 2 1 2 1 3 1 3 1 2 1 1 1 1 1 1 3 3 2 1 1 1
 1 1 2 1 1 1 1 1 1 1 2 1 3 1 1 1 1 2 1 1 1 1 1 3 1 1 1 1 1 1 2 1 1 1 1 1 2
 3 1 1 1 1 1 2 1 1 2 1 1 1 1 1 1 2 3 1 1 1 3 1 1 1 1 1 3 1 0 1 1 1 3 1 0 1
 2 1 1 1 1 1 1 1 1 1 1 2 1 1 1 1 0 1 0 1 1 1 1 2 1 1 1 1 1 0 1 1 1]"
42,19,86,48,48,,47.25274725,26.37362637,26.37362637,pre,111_1,0.1927,"[2 2 3 3 2 1 1 3 1 2 3 3 2 1 1 3 3 2 1 0 1 3 1 1 0 2 1 3 3 3 1 3 0 1 1 1 1
 2 1 3 1 1 2 2 3 1 3 2 3 3 1 2 1 2 1 2 2 1 2 1 3 1 1 2 3 2 1 3 1 3 3 3 1 3
 2 2 3 3 1 2 3 2 2 1 3 1 1 2 1 2 1 2 3 1 1 1 1 3 1 2 1 2 1 3 1 2 3 1 2 2 2
 3 1 1 3 3 1 1 3 2 1 1 1 3 2 2 1 1 3 3 1 1 3 3 1 2 2 3 1 2 1 3 1 1 2 1 1 1
 1 2 1 3 3 1 1 1 2 1 3 2 1 1 2 2 2 1 1 1 1 2 3 2 2 3 1 1 1 0 0 0 1 0 1 1 1
 0 0 0 1 0 0 0 1 1 0 0 0 0 0 0 1]"
43,21,122,7,51,,67.77777778,3.888888889,28.33333333,early,111_1,0.1927,"[0 3 0 2 3 1 1 3 1 1 3 3 3 1 1 3 1 1 1 3 1 3 1 1 3 3 0 3 3 1 0 1 1 1 1 1 0
 3 1 1 1 1 1 3 3 1 1 1 3 1 1 3 0 3 1 0 1 2 3 1 1 1 3 1 3 3 1 3 2 1 3 1 2 1
 1 1 1 1 1 1 3 1 3 1 1 1 3 3 1 1 1 1 1 0 1 1 1 3 0 3 1 1 1 3 1 1 3 3 3 1 1
 1 1 1 3 1 1 1 1 1 1 1 1 3 0 0 1 3 1 2 1 3 1 1 1 2 1 1 1 1 1 1 1 1 1 1 1 1
 0 3 1 1 3 1 1 1 0 1 3 0 1 1 3 1 1 1 1 1 1 3 3 1 1 1 0 1 1 1 0 3 1 1 1 1 1
 3 0 3 1 2 1 0 1 0 3 1 0 3 3 1 0]"
44,7,92,13,89,,47.42268041,6.701030928,45.87628866,late,111_1,0.1927,"[1 3 1 3 1 3 2 1 1 3 3 3 3 1 1 3 1 1 3 3 1 3 3 1 3 3 1 3 1 2 1 1 3 2 1 1 2
 1 1 3 3 1 3 3 3 1 3 1 3 3 3 3 1 1 1 2 3 1 3 1 3 3 1 3 3 1 1 3 3 1 3 1 3 1
 3 3 1 1 1 3 3 1 3 1 3 1 1 3 1 1 3 3 1 1 1 1 1 3 3 3 1 1 3 3 3 3 3 3 3 3 1
 3 2 3 3 3 1 1 1 3 2 1 3 3 1 3 1 3 3 1 1 1 3 3 1 3 3 1 3 1 1 1 1 1 1 1 3 1
 1 1 1 2 3 0 1 2 0 2 3 3 1 1 3 0 3 1 3 1 1 3 3 3 3 1 2 1 3 1 0 3 1 1 1 1 1
 2 2 3 1 3 1 0 1 1 3 3 0 3 1 1 0]"
45,15,153,91,91,,45.67164179,27.1641791,27.1641791,pre,113_1,0.5799,"[2 1 1 0 1 3 2 2 1 1 1 1 1 1 2 3 2 2 2 1 1 1 2 2 2 1 2 3 1 1 3 3 2 1 1 1 1
 3 0 3 1 1 3 2 3 2 1 1 3 1 1 2 1 2 3 1 1 1 1 1 1 1 3 3 1 1 1 2 2 1 3 2 2 3
 2 1 3 2 2 1 3 1 3 3 3 2 3 3 3 1 2 2 2 1 3 2 2 2 2 2 2 2 3 1 2 3 1 3 1 2 2
 1 1 1 1 3 1 2 1 1 1 2 1 2 3 2 1 1 1 2 1 1 2 1 1 0 1 1 3 1 3 3 2 1 3 1 1 3
 2 2 1 3 1 1 1 1 1 1 3 3 3 3 1 2 1 1 2 1 1 1 1 3 1 2 3 1 2 2 3 3 3 1 3 3 3
 2 3 1 3 1 1 3 1 1 3 2 3 1 1 1 3 1 3 1 3 2 2 3 2 3 1 2 1 2 2 2 1 1 1 2 1 1
 2 2 1 3 1 1 1 3 3 3 2 2 2 2 3 3 1 1 3 3 2 3 0 3 2 2 3 2 1 2 1 1 1 2 1 1 3
 2 3 3 3 1 3 1 1 3 2 1 3 1 1 2 1 3 1 1 2 2 3 3 1 1 1 1 1 3 1 1 3 2 3 2 2 3
 3 3 1 1 1 1 3 2 1 3 1 0 3 2 1 2 2 1 3 1 3 1 1 2 1 1 3 2 1 2 2 2 2 1 3 1 1
 1 1 0 0 0 0 1 0 0 1 0 0 1 0 1 1 0]"
46,89,229,18,14,,87.7394636,6.896551724,5.363984674,early,113_1,0.5799,"[2 0 1 1 0 1 3 1 1 1 1 1 1 1 1 1 1 1 1 0 1 1 1 1 0 1 1 1 1 1 2 0 0 1 1 1 1
 1 1 2 1 1 1 1 2 1 1 1 1 1 1 1 0 1 1 0 1 0 0 0 0 0 1 1 1 1 1 1 1 1 1 1 1 1
 1 0 1 1 1 0 1 1 1 1 3 1 3 1 1 1 1 0 1 1 0 1 1 2 0 1 1 1 3 0 1 1 1 0 1 1 1
 1 2 1 0 1 1 1 0 1 1 1 3 1 1 3 1 1 1 2 0 1 1 1 1 1 1 0 1 1 0 1 0 1 1 1 1 1
 0 3 1 1 0 1 0 1 0 1 1 2 1 0 1 1 1 1 1 1 1 1 0 1 1 1 1 0 1 1 2 1 1 1 1 1 1
 3 1 0 2 0 0 0 0 1 1 1 3 1 1 1 1 0 1 1 1 1 1 0 1 1 0 2 0 0 1 1 1 1 0 0 1 1
 1 0 0 1 0 2 1 1 1 1 3 3 1 1 1 0 1 1 1 0 1 0 0 1 1 0 1 1 1 0 1 0 1 1 0 0 1
 0 1 3 2 1 0 0 1 3 1 1 1 1 0 1 1 1 0 1 1 1 1 1 1 1 1 0 1 2 0 1 1 1 1 0 1 0
 1 1 0 1 0 1 2 0 1 2 1 0 0 1 1 0 1 0 1 1 2 2 1 1 0 0 1 1 1 3 1 1 0 1 1 0 1
 0 1 0 1 1 0 0 0 0 1 0 1 0 0 0 0 0]"
47,34,183,100,33,,57.91139241,31.64556962,10.44303797,late,113_1,0.5799,"[2 1 2 1 1 1 3 1 1 1 1 2 2 1 1 1 2 2 1 1 1 2 2 1 1 1 1 2 1 2 2 1 2 2 1 1 1
 3 1 2 3 2 2 1 3 1 1 1 2 1 1 1 1 1 2 0 1 0 0 0 0 0 2 2 1 1 1 1 2 1 1 1 2 1
 1 1 2 1 1 1 2 2 3 2 3 1 3 2 1 1 1 1 2 1 3 1 2 1 1 2 1 1 3 0 2 2 2 2 1 1 1
 1 2 1 1 1 1 1 1 2 1 2 1 2 2 2 2 1 1 2 3 1 2 2 1 1 1 2 2 1 2 3 3 1 2 1 1 2
 1 2 2 2 1 1 1 1 1 1 1 3 1 1 2 1 2 1 1 1 1 1 0 2 1 1 1 0 3 1 3 3 1 1 3 1 3
 3 1 1 3 1 1 3 1 1 3 2 3 2 2 2 1 1 1 1 1 1 1 3 2 2 0 2 0 0 2 1 1 1 1 1 2 1
 1 0 2 2 1 2 2 0 1 1 3 1 2 2 2 1 1 2 2 0 1 1 1 2 1 1 2 1 1 0 1 1 2 2 0 0 1
 1 2 3 3 1 0 1 2 1 1 1 2 1 0 1 2 3 0 1 3 2 2 2 1 1 1 1 1 2 1 2 2 1 1 0 3 2
 1 2 0 2 2 1 3 0 1 2 1 0 2 1 2 2 1 1 1 1 3 2 1 1 1 1 1 1 1 1 2 1 0 1 3 1 1
 0 1 2 1 2 1 0 1 0 2 1 1 0 0 0 0 0]"
48,21,153,67,66,,53.4965035,23.42657343,23.07692308,pre,114_1,0.438,"[1 1 3 1 1 1 1 3 2 2 1 1 3 1 3 1 1 1 2 1 1 3 3 1 3 2 0 1 1 1 3 3 0 1 2 2 1
 3 1 1 3 2 2 3 3 1 1 1 2 3 1 2 1 1 3 3 2 3 3 1 2 2 3 1 1 3 2 2 3 1 3 3 3 3
 2 3 0 3 3 3 2 3 2 3 2 2 2 2 3 2 2 2 3 2 1 1 1 3 2 3 1 2 1 2 1 1 1 3 3 1 0
 1 1 3 1 1 3 1 2 1 2 1 1 1 1 2 2 1 1 3 2 1 2 1 1 2 1 3 3 3 3 1 3 1 0 2 1 1
 1 1 1 1 1 3 1 3 1 1 2 2 1 2 3 0 1 3 3 1 1 2 2 1 3 3 2 1 3 3 1 2 1 1 3 3 1
 2 1 1 2 3 1 2 2 1 2 0 1 1 1 1 1 2 1 1 1 1 2 1 3 2 3 1 3 1 1 0 2 1 2 1 2 1
 3 1 2 2 1 1 2 2 1 1 0 1 2 3 1 0 1 1 2 1 1 1 1 3 2 2 1 1 1 2 1 1 1 0 1 1 1
 1 1 1 1 1 1 1 3 1 1 1 3 2 2 1 1 1 1 3 1 2 1 1 1 1 1 1 0 1 0 1 0 1 0 1 1 0
 1 1 1 0 1 0 1 1 0 0 0]"
49,19,213,33,42,,73.95833333,11.45833333,14.58333333,early,114_1,0.438,"[1 1 1 3 3 3 1 1 1 1 0 2 1 3 2 1 1 1 1 1 1 3 2 1 1 0 1 1 1 1 1 1 1 1 1 1 1
 1 1 1 3 2 3 3 1 1 1 2 1 1 1 1 1 1 3 2 1 1 2 1 2 2 3 1 1 1 1 2 3 1 1 3 3 0
 1 3 1 1 1 1 2 2 3 3 2 1 2 2 1 1 2 3 2 1 1 1 1 1 1 3 1 1 1 1 1 1 1 1 3 1 1
 1 1 3 1 1 1 1 1 1 3 1 1 1 3 3 1 2 1 1 1 1 1 1 1 1 1 1 3 2 0 1 1 1 1 1 1 1
 1 1 1 1 1 1 1 1 0 3 1 3 1 0 1 1 1 2 1 2 1 1 1 1 2 3 1 1 1 1 1 1 1 1 1 1 0
 1 1 2 2 1 1 0 3 1 1 1 1 1 1 2 1 1 1 1 1 1 1 1 1 0 1 1 0 2 1 3 1 1 1 1 2 1
 2 1 1 1 1 1 1 1 1 1 1 1 1 3 1 1 1 1 3 1 1 1 1 3 0 2 1 3 0 0 2 1 1 1 1 1 1
 1 1 1 1 0 3 1 1 1 1 1 0 1 3 0 1 1 1 2 1 1 3 2 1 1 3 1 3 1 2 0 1 1 3 0 1 3
 1 1 1 3 1 1 0 1 1 3 1]"
50,12,151,63,81,,51.18644068,21.3559322,27.45762712,late,114_1,0.438,"[1 1 1 1 1 1 1 1 1 3 1 2 1 2 3 1 1 1 3 0 1 3 3 1 1 2 1 0 3 1 3 1 3 0 1 1 2
 3 2 3 2 2 3 3 1 1 1 2 1 2 1 2 2 1 3 3 2 1 2 3 3 1 2 1 2 1 3 2 3 1 3 2 3 1
 3 3 3 1 3 3 2 2 2 3 3 1 3 2 2 1 1 1 3 1 1 2 0 3 1 3 1 1 1 1 1 3 2 3 3 1 3
 1 1 1 1 0 3 1 1 1 3 1 2 1 3 3 3 1 2 3 2 3 1 1 2 2 1 1 2 2 1 1 3 1 1 3 1 1
 2 1 1 1 1 3 1 1 2 3 1 3 3 2 2 1 1 2 2 1 3 1 1 2 3 3 1 1 3 1 1 1 1 1 3 1 0
 1 1 2 3 2 1 2 2 2 3 2 2 1 1 0 1 3 1 2 1 1 3 1 3 1 3 3 1 3 1 0 1 3 1 1 2 1
 3 3 1 1 1 1 2 2 1 1 1 3 1 3 1 0 1 1 2 1 2 1 1 3 3 1 3 1 1 1 3 3 1 1 1 1 1
 3 3 2 1 1 2 1 1 2 1 1 3 1 1 1 2 3 1 3 1 2 1 2 2 1 1 3 1 1 2 3 1 0 3 1 2 0
 0 1 1 1 3 1 3 2 2 2 1]"
51,45,225,31,30,,78.67132867,10.83916084,10.48951049,pre,115_1,0.0249,"[1 1 1 1 1 3 3 1 1 1 1 1 2 1 2 1 1 1 1 1 1 3 1 1 1 2 1 1 1 1 3 1 1 1 1 1 2
 3 1 1 1 1 1 2 1 1 2 1 2 1 1 1 3 1 1 1 1 1 1 1 1 1 2 2 1 1 3 1 1 1 2 3 1 1
 3 2 1 3 1 1 1 1 1 2 1 1 1 1 3 1 1 2 2 1 1 1 1 3 3 3 1 2 1 1 1 1 1 1 1 1 1
 1 1 1 1 1 1 1 1 1 1 1 1 1 3 1 3 2 1 2 1 1 1 3 1 1 2 1 2 3 3 1 3 3 1 1 1 1
 1 1 2 3 1 1 1 1 1 1 1 1 1 3 3 1 1 3 1 2 1 1 1 2 3 1 1 1 1 1 1 1 1 1 1 1 1
 1 1 1 1 3 1 1 1 1 1 1 1 2 1 1 1 1 2 1 1 1 1 1 1 1 1 2 3 2 1 1 1 1 2 1 3 3
 1 0 1 1 1 1 1 1 1 1 1 1 1 2 1 1 1 2 2 1 1 1 1 1 1 1 1 1 1 1 1 1 1 1 1 2 1
 1 1 1 1 1 0 0 0 1 1 1 1 1 1 1 0 1 1 1 1 1 1 1 0 1 1 1 1 1 1 1 1 1 0 0 0 0
 0 0 0 0 0 0 0 0 0 0 0 0 0 0 0 0 0 0 0 0 0 0 0 0 0 0 0 0 0 0 0 0 0 0 0]"
52,3,286,5,37,,87.19512195,1.524390244,11.2804878,early,115_1,0.0249,"[1 1 1 1 3 3 0 1 1 1 1 1 1 1 1 1 3 1 1 1 1 1 1 1 1 3 3 1 1 1 1 1 1 1 1 1 1
 1 1 1 1 1 1 1 1 1 1 1 1 3 1 1 1 1 1 1 1 1 1 1 1 1 1 1 1 1 1 0 1 1 1 1 3 1
 1 1 1 3 1 1 1 3 1 1 1 3 1 1 1 3 1 1 1 1 1 1 1 1 1 1 1 1 1 1 1 1 3 1 1 3 2
 1 1 1 1 1 1 1 3 1 1 1 1 1 1 1 1 1 1 3 1 1 3 1 2 1 1 1 1 1 3 1 1 1 1 1 1 1
 1 1 1 1 3 1 1 1 1 1 1 1 1 1 3 1 1 3 1 3 1 1 1 1 3 1 1 1 1 1 1 3 1 1 1 1 1
 1 1 1 1 3 1 1 1 1 1 1 1 1 1 1 1 1 2 1 1 3 1 1 3 1 1 1 1 3 1 3 1 1 1 1 2 1
 1 3 1 1 1 1 1 1 1 1 3 1 1 1 3 1 1 3 1 3 1 1 1 1 1 1 1 1 1 3 1 1 1 1 1 3 1
 1 1 1 1 1 0 1 3 1 1 1 1 1 1 1 3 1 1 1 1 1 1 1 1 1 1 1 1 1 1 1 1 2 1 1 1 1
 1 1 1 1 1 1 1 1 1 1 1 1 1 1 1 1 1 1 1 1 1 1 1 1 1 1 1 1 1 1 1 1 1 1 1]"
53,16,211,15,89,,66.98412698,4.761904762,28.25396825,late,115_1,0.0249,"[3 1 1 1 3 3 3 1 1 1 1 1 3 3 0 1 2 1 1 1 1 3 1 2 1 1 1 1 1 1 1 3 1 1 1 1 1
 1 1 3 1 1 1 3 1 1 3 3 3 1 2 3 3 1 1 1 1 1 1 3 2 1 3 1 1 1 1 3 1 1 2 1 3 1
 3 1 3 1 1 1 1 1 1 1 3 3 3 1 1 1 3 3 1 2 1 1 1 2 3 2 1 3 1 1 1 1 3 1 1 3 1
 1 3 1 1 1 3 0 1 1 1 1 1 3 3 1 3 3 3 2 3 1 3 3 1 1 3 1 1 3 3 3 1 3 1 1 1 3
 1 1 1 1 2 1 1 3 0 3 1 1 0 3 3 1 1 1 1 3 1 1 1 1 3 1 3 1 1 1 1 3 1 3 1 1 1
 1 1 1 1 3 1 3 3 3 1 3 3 3 1 1 1 1 1 1 1 3 3 3 3 1 3 1 3 3 0 3 1 1 3 1 2 3
 1 1 1 1 1 3 2 2 1 3 1 1 1 3 1 1 1 3 1 3 1 1 3 1 1 1 1 3 3 1 1 1 0 3 1 3 1
 1 1 1 0 1 1 1 3 1 1 3 1 1 1 3 1 1 1 1 1 1 1 1 3 1 1 1 1 1 1 1 1 2 1 1 1 1
 0 0 1 0 1 1 3 3 1 1 0 0 1 1 1 1 1 1 3 1 1 2 1 1 1 1 0 1 0 0 1 1 0 1 1]"
54,27,112,85,85,,39.71631206,30.14184397,30.14184397,pre,116_1,0.3229,"[1 3 1 1 1 1 1 3 0 1 3 2 3 2 2 1 3 2 3 1 3 2 1 2 3 3 2 2 2 3 2 3 1 1 2 3 2
 1 1 3 1 1 3 1 1 3 3 0 3 1 2 2 1 3 2 3 1 3 3 1 3 3 3 3 2 1 2 3 3 1 2 2 2 1
 3 2 2 2 2 0 2 3 1 3 1 2 3 2 1 2 3 3 2 1 1 1 1 1 1 1 1 2 1 1 1 3 2 1 3 3 2
 1 3 2 2 1 1 3 2 1 1 1 2 2 2 2 2 1 2 3 2 1 3 3 3 3 1 3 1 1 3 1 3 2 3 1 1 3
 2 2 3 3 3 3 1 2 1 2 3 1 1 1 2 1 3 3 3 3 1 1 3 3 1 2 2 1 2 3 1 2 1 2 1 1 3
 2 1 1 3 3 2 1 3 2 1 0 3 2 2 1 3 2 1 2 3 1 2 1 2 1 2 1 1 1 2 3 1 3 2 1 3 1
 1 1 3 1 2 1 3 1 1 1 2 1 1 2 1 1 3 2 3 3 3 3 1 1 1 2 3 2 2 1 3 1 2 1 1 2 1
 2 1 3 2 1 2 2 3 3 2 2 3 3 2 1 1 2 3 2 2 1 2 0 0 0 1 1 0 0 1 1 0 0 0 0 0 0
 0 0 0 0 0 0 0 0 0 0 0 1 0]"
55,27,209,17,56,,74.11347518,6.028368794,19.85815603,early,116_1,0.3229,"[1 1 1 1 1 1 1 1 1 1 0 1 1 3 1 0 3 1 3 1 0 1 1 1 1 3 1 1 1 3 2 2 1 1 1 1 3
 2 1 1 1 1 1 1 3 0 3 1 1 1 3 1 1 1 3 1 1 3 2 1 1 1 3 1 1 3 1 0 1 2 1 1 1 1
 1 1 1 1 2 1 1 3 1 1 1 1 2 1 1 1 1 1 3 1 1 1 1 1 2 1 1 3 0 1 1 3 1 1 1 0 1
 1 1 3 1 1 1 3 1 3 1 2 1 0 1 2 1 0 1 1 1 0 3 3 3 1 1 1 1 1 3 1 3 3 3 1 1 3
 1 1 3 3 1 3 1 1 1 1 1 1 1 1 1 1 1 1 1 1 1 1 1 1 1 1 1 3 1 3 1 1 1 1 1 1 1
 1 1 2 3 3 1 1 1 1 1 1 1 1 1 1 1 3 1 1 2 1 0 1 1 1 3 3 1 1 1 3 1 1 2 1 3 1
 1 1 3 1 1 1 1 1 3 1 1 3 1 3 1 1 1 1 3 3 3 0 1 1 1 3 3 1 1 1 2 1 2 1 1 3 1
 1 1 3 1 0 2 3 2 3 0 0 1 1 1 1 1 1 3 1 1 1 3 1 1 1 1 1 3 1 1 1 1 1 1 0 0 0
 1 0 0 1 0 0 0 1 1 0 0 0 0]"
56,13,161,48,87,,54.39189189,16.21621622,29.39189189,late,116_1,0.3229,"[1 2 1 1 1 1 1 1 1 1 1 1 2 3 1 1 1 1 3 1 3 1 1 2 1 3 2 3 1 1 3 1 1 1 3 0 1
 1 1 2 1 1 3 1 1 1 2 3 2 1 3 3 1 3 1 3 1 3 3 3 2 3 1 3 1 1 2 2 3 2 3 1 2 1
 1 1 3 2 2 1 1 3 1 1 1 2 3 1 1 1 2 1 3 1 1 1 1 3 3 1 1 3 1 1 1 3 1 1 3 3 1
 3 1 2 1 1 1 3 1 2 1 1 3 1 3 1 2 2 1 1 3 2 3 3 3 1 3 3 1 3 2 3 3 2 3 1 2 3
 1 3 3 1 3 3 1 2 1 1 3 1 1 1 1 1 2 1 3 3 1 1 1 1 1 3 2 1 1 3 1 1 3 3 3 1 1
 2 1 2 2 3 1 2 2 1 2 1 3 2 3 1 1 2 2 1 1 1 1 2 3 2 3 3 1 1 1 3 1 1 1 1 3 1
 1 1 3 1 2 3 2 2 3 1 2 1 1 1 0 2 3 2 1 3 3 1 1 1 3 3 3 2 1 1 1 1 3 1 1 2 1
 1 3 3 1 1 1 3 1 3 0 3 0 1 3 1 1 3 3 1 2 1 3 1 1 1 3 1 3 0 3 1 1 0 1 0 1 0
 0 0 1 1 1 2 1 0 1 0 0 1 1]"
57,45,314,21,21,,88.20224719,5.898876404,5.898876404,pre,122_1,0.4729,"[1 1 2 1 1 1 1 1 1 1 1 1 1 3 1 1 1 1 2 1 1 1 1 2 1 1 1 1 1 1 3 1 1 1 3 2 1
 2 2 2 2 1 1 1 1 1 3 1 1 3 1 1 1 1 1 1 1 1 1 1 1 1 1 1 1 1 1 1 1 1 1 1 3 1
 1 1 1 1 1 1 1 1 1 1 1 1 1 1 1 1 1 1 1 1 1 1 1 1 1 1 1 1 3 1 1 1 1 1 3 1 1
 1 1 1 1 1 1 1 2 1 2 3 1 1 1 1 1 1 1 1 1 2 1 1 3 1 1 1 1 3 1 2 3 1 3 1 1 1
 1 1 0 1 2 1 1 1 3 1 1 1 1 1 1 1 1 1 1 1 1 2 1 1 1 1 1 1 1 1 0 1 1 1 1 2 1
 1 1 1 1 1 1 1 1 1 1 1 1 1 1 0 1 1 1 1 1 1 1 1 1 1 1 1 3 3 1 2 1 1 1 1 1 3
 1 1 2 1 1 1 1 1 1 1 1 1 1 1 1 1 1 1 1 1 1 1 1 1 1 2 1 1 1 3 1 1 3 1 1 1 1
 2 1 1 1 1 0 1 1 1 3 1 3 1 1 1 1 1 1 1 1 1 1 1 1 1 1 1 2 1 1 1 1 1 1 1 1 1
 1 1 1 1 1 2 1 1 1 1 1 1 1 1 1 1 1 1 1 1 1 1 1 1 1 1 1 0 1 1 1 1 1 1 1 1 0
 1 1 1 1 1 1 1 1 1 1 1 1 1 1 1 1 1 1 1 1 1 1 1 1 1 1 1 1 1 0 0 0 0 0 0 0 0
 0 0 0 0 0 0 0 0 0 0 0 0 0 0 0 0 0 0 0 0 0 0 0 0 0 0 0 0 0 0 0]"
58,3,384,7,7,,96.48241206,1.75879397,1.75879397,early,122_1,0.4729,"[1 1 1 1 1 1 1 1 1 2 1 1 1 2 1 1 1 1 1 1 1 1 1 1 1 1 1 1 1 1 1 1 1 1 1 2 1
 1 0 1 1 1 1 1 1 1 1 1 1 1 1 1 1 1 1 1 1 1 1 1 1 1 0 1 1 1 1 1 1 1 1 1 1 1
 3 1 1 0 1 1 1 1 1 1 1 1 1 1 1 1 1 1 1 1 1 1 1 1 1 1 1 1 1 1 1 1 1 3 1 1 1
 1 1 1 1 1 1 1 1 1 1 1 1 1 1 1 1 1 1 1 1 1 1 1 1 1 1 1 1 1 1 1 1 1 1 1 1 1
 2 1 1 1 1 1 1 1 1 1 1 1 1 1 1 1 1 1 1 3 1 2 1 1 1 1 1 1 1 1 1 1 1 1 1 1 1
 1 3 1 1 1 1 1 1 1 1 1 3 1 2 1 1 1 1 1 1 1 1 1 2 1 1 1 1 1 1 1 1 1 1 1 1 1
 1 1 1 1 1 1 1 1 1 1 1 1 1 1 1 1 1 1 1 1 3 1 1 1 1 1 1 1 1 1 1 1 1 1 1 1 1
 1 1 1 1 1 1 1 1 1 1 1 3 1 1 1 1 1 1 1 1 1 1 1 1 1 1 1 1 1 1 1 1 1 1 1 1 1
 1 1 1 1 1 1 1 1 1 1 1 1 1 1 1 1 1 1 1 1 1 1 1 1 1 1 1 1 1 1 1 1 1 1 1 1 1
 1 1 1 1 1 1 1 1 1 1 1 1 1 1 1 1 1 1 1 1 1 1 1 1 1 1 1 1 1 1 1 1 1 1 1 1 1
 1 1 1 1 1 1 1 1 1 1 1 1 1 1 1 1 1 1 1 1 1 1 1 1 1 1 1 1 1 1 1]"
59,26,314,40,21,,83.73333333,10.66666667,5.6,late,122_1,0.4729,"[1 1 2 1 1 1 1 2 1 1 1 1 1 1 1 1 1 1 1 1 1 1 0 1 1 1 1 1 1 1 1 2 1 1 1 2 1
 2 1 1 1 1 2 1 1 1 1 1 2 1 1 3 1 1 1 0 1 1 3 1 1 1 2 1 1 1 1 1 1 3 1 1 1 1
 3 1 1 1 1 1 1 1 1 1 1 1 1 1 2 3 1 1 1 1 1 1 2 1 2 2 1 1 1 1 2 2 2 1 1 1 1
 1 1 3 1 2 1 2 1 1 1 3 1 1 1 1 2 1 1 1 2 1 1 1 0 1 1 2 1 2 2 1 1 2 1 1 1 1
 3 1 1 1 2 1 3 1 1 3 1 2 1 1 1 1 1 2 1 1 1 2 1 1 1 1 1 0 1 1 2 1 1 1 2 3 1
 1 3 1 1 1 2 1 1 1 1 1 1 1 1 1 1 1 1 1 1 1 1 1 1 1 1 1 1 1 1 2 2 2 1 2 1 1
 1 1 1 1 1 1 1 1 1 1 1 2 1 1 1 0 2 3 1 1 1 1 1 0 1 1 1 1 0 3 1 1 1 1 1 3 3
 1 1 1 1 1 1 1 1 1 1 2 3 1 1 1 1 1 1 0 1 1 1 2 1 1 1 1 1 1 1 1 1 1 1 1 1 1
 1 2 1 1 1 1 3 1 1 2 1 0 1 1 1 1 1 1 1 1 1 1 1 0 1 1 1 3 1 3 1 1 1 1 1 1 1
 0 1 1 1 1 1 1 1 0 1 1 1 1 1 1 1 1 1 1 1 1 1 1 1 0 1 3 0 1 1 1 1 0 1 0 0 1
 1 1 1 1 0 1 1 1 1 1 1 0 1 1 0 1 0 1 0 1 1 1 1 1 0 0 0 1 1 1 0]"
,,,,,,,,,,,,
,,,,,,,,,,,,
,,,,,,,,,,,,
